rollout/ep_rew_mean,rollout/success_rate,train/ent_coef,train/critic_loss,time/time_elapsed,train/actor_loss,rollout/ep_len_mean,train/n_updates,time/total_timesteps,train/learning_rate,time/fps,time/episodes,eval/mean_ep_length,eval/success_rate,eval/mean_reward
803.58268225,0.0,1.4578984064428369e-06,12.767131805419922,16,-9.021147727966309,250.0,224,1000,9.693451151573797e-05,61,4,,,
1237.8699365,0.0,1.4578984064428369e-06,17.05341148376465,34,-47.56749725341797,250.0,474,2000,9.693451151573797e-05,58,8,,,
1069.4931875833333,0.08333333333333333,1.4578984064428369e-06,11.477426528930664,47,-87.51184844970703,230.58333333333334,666,2767,9.693451151573797e-05,58,12,,,
1128.8556340625,0.0625,1.4578984064428369e-06,6.272666931152344,65,-126.24272155761719,235.4375,916,3767,9.693451151573797e-05,57,16,,,
986.1516051000001,0.1,1.4578984064428369e-06,7.414841651916504,79,-150.3007354736328,225.9,1104,4518,9.693451151573797e-05,56,20,,,
913.2814462916667,0.125,1.4578984064428369e-06,8.834071159362793,93,-171.7171173095703,219.625,1292,5271,9.693451151573797e-05,56,24,,,
916.1677269642857,0.10714285714285714,1.4578984064428369e-06,106.51708984375,111,-200.63754272460938,223.96428571428572,1542,6271,9.693451151573797e-05,56,28,,,
896.9477510937501,0.09375,1.4578984064428369e-06,6.875082015991211,129,-226.4296417236328,227.21875,1792,7271,9.693451151573797e-05,56,32,,,
855.1332278055556,0.08333333333333333,1.4578984064428369e-06,6.437628746032715,147,-257.1834716796875,229.75,2042,8271,9.693451151573797e-05,56,36,,,
901.0558207500001,0.075,1.4578984064428369e-06,6.975062370300293,165,-299.38690185546875,231.775,2292,9271,9.693451151573797e-05,56,40,,,
971.2349572954546,0.06818181818181818,1.4578984064428369e-06,8.567215919494629,183,-340.1778564453125,233.4318181818182,2542,10271,9.693451151573797e-05,55,44,,,
952.6973583541667,0.08333333333333333,1.4578984064428369e-06,6.438321113586426,197,-371.1396789550781,229.75,2731,11028,9.693451151573797e-05,55,48,,,
941.8402924999999,0.09615384615384616,1.4578984064428369e-06,7.336927890777588,211,-396.0032958984375,226.51923076923077,2919,11779,9.693451151573797e-05,55,52,,,
949.2263974821428,0.08928571428571429,1.4578984064428369e-06,6.310023307800293,229,-425.8174743652344,228.19642857142858,3169,12779,9.693451151573797e-05,55,56,,,
1023.0056483000001,0.08333333333333333,1.4578984064428369e-06,502.3076477050781,247,-468.3063659667969,229.65,3419,13779,9.693451151573797e-05,55,60,,,
1009.62115059375,0.09375,1.4578984064428369e-06,7.49937629699707,261,-493.0466003417969,227.125,3608,14536,9.693451151573797e-05,55,64,,,
1042.8115328382355,0.08823529411764706,1.4578984064428369e-06,9.492925643920898,281,-523.5582275390625,228.47058823529412,3858,15536,9.693451151573797e-05,55,68,,,
1051.8548276805554,0.08333333333333333,1.4578984064428369e-06,802.9190063476562,299,-562.04931640625,229.66666666666666,4108,16536,9.693451151573797e-05,55,72,,,
1056.4540999210526,0.07894736842105263,1.4578984064428369e-06,10.09957504272461,318,-590.102294921875,230.73684210526315,4358,17536,9.693451151573797e-05,55,76,,,
1087.3412595125,0.075,1.4578984064428369e-06,10.963570594787598,337,-616.6121215820312,231.7,4608,18536,9.693451151573797e-05,54,80,,,
1090.2117320238096,0.07142857142857142,1.4578984064428369e-06,10.004661560058594,356,-651.790771484375,232.57142857142858,4858,19536,9.693451151573797e-05,54,84,,,
1103.1759677272728,0.06818181818181818,1.4578984064428369e-06,10.01853084564209,375,-683.662353515625,233.36363636363637,5108,20536,9.693451151573797e-05,54,88,,,
1108.7960437826086,0.06521739130434782,1.4578984064428369e-06,9.429506301879883,394,-706.580810546875,234.08695652173913,5358,21536,9.693451151573797e-05,54,92,,,
1123.9282044166666,0.0625,1.4578984064428369e-06,11.84587574005127,412,-726.8631591796875,234.75,5608,22536,9.693451151573797e-05,54,96,,,
1128.4445126700002,0.06,1.4578984064428369e-06,9.060478210449219,431,-771.927001953125,235.36,5858,23536,9.693451151573797e-05,54,100,,,
1149.09458296,0.06,1.4578984064428369e-06,8.989802360534668,450,-776.5661010742188,235.36,6108,24536,9.693451151573797e-05,54,104,,,
1120.57541838,0.06,1.4578984064428369e-06,10.592750549316406,469,-809.5990600585938,235.36,6358,25536,9.693451151573797e-05,54,108,,,
1163.45323052,0.05,1.4578984064428369e-06,9.93628215789795,489,-844.5250244140625,237.69,6608,26536,9.693451151573797e-05,54,112,,,
1165.2729969599998,0.05,1.4578984064428369e-06,11.466754913330078,508,-856.1046142578125,237.69,6858,27536,9.693451151573797e-05,54,116,,,
1207.8378711,0.04,1.4578984064428369e-06,9.038986206054688,527,-904.7598876953125,240.18,7108,28536,9.693451151573797e-05,54,120,,,
1255.14775031,0.03,1.4578984064428369e-06,12.076070785522461,546,-911.7227172851562,242.65,7358,29536,9.693451151573797e-05,54,124,,,
1288.38675246,0.03,1.4578984064428369e-06,11.339248657226562,565,-952.4140014648438,242.65,7608,30536,9.693451151573797e-05,53,128,,,
1305.0841532400002,0.03,1.4578984064428369e-06,14.218032836914062,585,-967.326171875,242.65,7858,31536,9.693451151573797e-05,53,132,,,
1322.3955536600001,0.03,1.4578984064428369e-06,11.824281692504883,604,-1019.2899169921875,242.65,8108,32536,9.693451151573797e-05,53,136,,,
1330.9125932399998,0.03,1.4578984064428369e-06,10.693397521972656,623,-997.1079711914062,242.65,8358,33536,9.693451151573797e-05,53,140,,,
1292.3379418099998,0.03,1.4578984064428369e-06,12.569415092468262,643,-1043.5,242.65,8608,34536,9.693451151573797e-05,53,144,,,
1286.33778548,0.02,1.4578984064428369e-06,107.7037353515625,663,-1078.6534423828125,245.08,8858,35536,9.693451151573797e-05,53,148,,,
1291.24848894,0.01,1.4578984064428369e-06,53.4385986328125,683,-1094.20849609375,247.57,9108,36536,9.693451151573797e-05,53,152,,,
1319.08175221,0.01,1.4578984064428369e-06,30.123884201049805,705,-1142.2901611328125,247.57,9358,37536,9.693451151573797e-05,53,156,,,
1313.18916832,0.01,1.4578984064428369e-06,27.540889739990234,725,-1144.808837890625,247.57,9608,38536,9.693451151573797e-05,53,160,,,
1328.9834349500002,0.0,1.4578984064428369e-06,24.413488388061523,745,-1168.152099609375,250.0,9858,39536,9.693451151573797e-05,53,164,,,
1286.0007309500002,0.0,1.4578984064428369e-06,17.009307861328125,768,-1224.058837890625,250.0,10108,40536,9.693451151573797e-05,52,168,,,
1302.35678704,0.0,1.4578984064428369e-06,19.539398193359375,789,-1244.5340576171875,250.0,10358,41536,9.693451151573797e-05,52,172,,,
1293.0828080400001,0.0,1.4578984064428369e-06,15.152776718139648,818,-1257.9993896484375,250.0,10608,42536,9.693451151573797e-05,51,176,,,
1283.3557415500002,0.0,1.4578984064428369e-06,17.540420532226562,839,-1273.332275390625,250.0,10858,43536,9.693451151573797e-05,51,180,,,
1265.8445461000001,0.0,1.4578984064428369e-06,19.046117782592773,859,-1311.389892578125,250.0,11108,44536,9.693451151573797e-05,51,184,,,
1269.11178216,0.0,1.4578984064428369e-06,21.028799057006836,880,-1360.91015625,250.0,11358,45536,9.693451151573797e-05,51,188,,,
1253.61524639,0.0,1.4578984064428369e-06,23.292049407958984,902,-1343.857421875,250.0,11608,46536,9.693451151573797e-05,51,192,,,
1229.66871438,0.0,1.4578984064428369e-06,17.661781311035156,923,-1347.3079833984375,250.0,11858,47536,9.693451151573797e-05,51,196,,,
1218.69537579,0.0,1.4578984064428369e-06,14.296836853027344,945,-1348.5177001953125,250.0,12108,48536,9.693451151573797e-05,51,200,,,
1239.6427427999997,0.0,1.4578984064428369e-06,22.139251708984375,966,-1395.004638671875,250.0,12358,49536,9.693451151573797e-05,51,204,,,
,,1.4578984064428369e-06,44.699127197265625,,-1437.232421875,,12474,50000,9.693451151573797e-05,,,250.0,0.0,649.0536062000001
1260.5037257400002,0.0,1.4578984064428369e-06,36.208396911621094,989,-1455.3978271484375,250.0,12608,50536,9.693451151573797e-05,51,208,,,
1243.6115287999999,0.0,1.4578984064428369e-06,21.559295654296875,1011,-1475.4383544921875,250.0,12858,51536,9.693451151573797e-05,50,212,,,
1236.45347641,0.0,1.4578984064428369e-06,26.574237823486328,1032,-1495.8092041015625,250.0,13108,52536,9.693451151573797e-05,50,216,,,
1197.94326195,0.0,1.4578984064428369e-06,25.248516082763672,1053,-1525.4521484375,250.0,13358,53536,9.693451151573797e-05,50,220,,,
1167.01608359,0.0,1.4578984064428369e-06,22.98284339904785,1075,-1571.43603515625,250.0,13608,54536,9.693451151573797e-05,50,224,,,
1158.40848361,0.0,1.4578984064428369e-06,20.00054931640625,1097,-1548.783447265625,250.0,13858,55536,9.693451151573797e-05,50,228,,,
1165.14903443,0.0,1.4578984064428369e-06,21.670541763305664,1118,-1575.38818359375,250.0,14108,56536,9.693451151573797e-05,50,232,,,
1156.23729655,0.0,1.4578984064428369e-06,23.861644744873047,1140,-1622.0401611328125,250.0,14358,57536,9.693451151573797e-05,50,236,,,
1116.18573279,0.02,1.4578984064428369e-06,21.330520629882812,1151,-1602.10791015625,245.07,14485,58043,9.693451151573797e-05,50,240,,,
1114.05138421,0.03,1.4578984064428369e-06,20.470760345458984,1168,-1594.47607421875,242.58,14673,58794,9.693451151573797e-05,50,244,,,
1128.20506304,0.04,1.4578984064428369e-06,26.535785675048828,1185,-1654.0948486328125,240.09,14861,59545,9.693451151573797e-05,50,248,,,
1128.6628920800001,0.04,1.4578984064428369e-06,26.06725311279297,1207,-1624.069580078125,240.09,15111,60545,9.693451151573797e-05,50,252,,,
1105.92219155,0.04,1.4578984064428369e-06,31.344772338867188,1229,-1663.277099609375,240.09,15361,61545,9.693451151573797e-05,50,256,,,
1098.18394103,0.04,1.4578984064428369e-06,23.445430755615234,1251,-1634.779296875,240.09,15611,62545,9.693451151573797e-05,49,260,,,
1121.21162823,0.04,1.4578984064428369e-06,27.715545654296875,1275,-1695.6705322265625,240.09,15861,63545,9.693451151573797e-05,49,264,,,
1134.0513844899997,0.05,1.4578984064428369e-06,22.656211853027344,1291,-1683.85595703125,237.64,16049,64300,9.693451151573797e-05,49,268,,,
1101.44569643,0.05,1.4578984064428369e-06,20.778118133544922,1314,-1702.77294921875,237.64,16299,65300,9.693451151573797e-05,49,272,,,
1114.9911740199998,0.05,1.4578984064428369e-06,25.72378158569336,1337,-1756.1123046875,237.64,16549,66300,9.693451151573797e-05,49,276,,,
1104.5138983299998,0.05,1.4578984064428369e-06,32.76602554321289,1360,-1754.031494140625,237.64,16799,67300,9.693451151573797e-05,49,280,,,
1107.30178735,0.05,1.4578984064428369e-06,32.829315185546875,1382,-1758.749267578125,237.64,17049,68300,9.693451151573797e-05,49,284,,,
1074.45161088,0.07,1.4578984064428369e-06,21.272480010986328,1393,-1762.69091796875,232.67,17175,68803,9.693451151573797e-05,49,288,,,
1073.4712596800002,0.07,1.4578984064428369e-06,23.406158447265625,1416,-1763.323974609375,232.67,17425,69803,9.693451151573797e-05,49,292,,,
1076.3584527599999,0.07,1.4578984064428369e-06,24.800304412841797,1438,-1771.806396484375,232.67,17675,70803,9.693451151573797e-05,49,296,,,
1081.42590463,0.07,1.4578984064428369e-06,44.035499572753906,1461,-1784.40576171875,232.67,17925,71803,9.693451151573797e-05,49,300,,,
1058.97680752,0.08,1.4578984064428369e-06,74.35462188720703,1478,-1804.417724609375,230.23,18114,72559,9.693451151573797e-05,49,304,,,
1050.18661692,0.08,1.4578984064428369e-06,75.44933319091797,1501,-1823.2957763671875,230.23,18364,73559,9.693451151573797e-05,48,308,,,
1026.78366013,0.08,1.4578984064428369e-06,60.414493560791016,1523,-1848.9698486328125,230.23,18614,74559,9.693451151573797e-05,48,312,,,
1029.21654772,0.08,1.4578984064428369e-06,16307.4208984375,1546,-1834.9208984375,230.23,18864,75559,9.693451151573797e-05,48,316,,,
1075.18906802,0.08,1.4578984064428369e-06,68.09974670410156,1569,-1886.669677734375,230.23,19114,76559,9.693451151573797e-05,48,320,,,
1092.2062371,0.08,1.4578984064428369e-06,44.848445892333984,1592,-1871.342529296875,230.23,19364,77559,9.693451151573797e-05,48,324,,,
1054.2553692,0.08,1.4578984064428369e-06,78.66665649414062,1615,-1904.05908203125,230.23,19614,78559,9.693451151573797e-05,48,328,,,
1050.3877344300001,0.08,1.4578984064428369e-06,39.95899200439453,1638,-1949.1815185546875,230.23,19864,79559,9.693451151573797e-05,48,332,,,
1079.5218495,0.08,1.4578984064428369e-06,52.40826416015625,1662,-1915.6219482421875,230.23,20114,80559,9.693451151573797e-05,48,336,,,
1101.5885554200001,0.06,1.4578984064428369e-06,46.79151916503906,1685,-1880.3209228515625,235.16,20364,81559,9.693451151573797e-05,48,340,,,
1140.82340388,0.05,1.4578984064428369e-06,45.06932067871094,1708,-1945.308837890625,237.65,20614,82559,9.693451151573797e-05,48,344,,,
1172.08536444,0.04,1.4578984064428369e-06,43.25785827636719,1731,-1963.849609375,240.14,20864,83559,9.693451151573797e-05,48,348,,,
1150.6075399,0.05,1.4578984064428369e-06,33.14030456542969,1749,-1925.865234375,237.71,21053,84316,9.693451151573797e-05,48,352,,,
1149.62036891,0.05,1.4578984064428369e-06,43.398895263671875,1772,-1966.462158203125,237.71,21303,85316,9.693451151573797e-05,48,356,,,
1127.09820723,0.05,1.4578984064428369e-06,48.68407440185547,1796,-2017.7637939453125,237.71,21553,86316,9.693451151573797e-05,48,360,,,
1080.17846203,0.05,1.4578984064428369e-06,40.40380859375,1819,-2046.32861328125,237.71,21803,87316,9.693451151573797e-05,47,364,,,
1098.7877911799997,0.04,1.4578984064428369e-06,51.000484466552734,1843,-2011.181884765625,240.16,22053,88316,9.693451151573797e-05,47,368,,,
1097.53167507,0.04,1.4578984064428369e-06,22852.39453125,1867,-2008.5908203125,240.16,22303,89316,9.693451151573797e-05,47,372,,,
1084.63317704,0.04,1.4578984064428369e-06,48.70819091796875,1890,-2001.45947265625,240.16,22553,90316,9.693451151573797e-05,47,376,,,
1091.1261305799999,0.04,1.4578984064428369e-06,37.297882080078125,1914,-1971.1463623046875,240.16,22803,91316,9.693451151573797e-05,47,380,,,
1078.82980785,0.04,1.4578984064428369e-06,47.58904266357422,1938,-2037.8551025390625,240.16,23053,92316,9.693451151573797e-05,47,384,,,
1104.7870022700001,0.02,1.4578984064428369e-06,33.4210319519043,1962,-2042.5068359375,245.13,23303,93316,9.693451151573797e-05,47,388,,,
1121.7763889699997,0.02,1.4578984064428369e-06,13185.759765625,1986,-2026.69677734375,245.13,23553,94316,9.693451151573797e-05,47,392,,,
1156.91380162,0.02,1.4578984064428369e-06,57.72151184082031,2010,-2037.452880859375,245.13,23803,95316,9.693451151573797e-05,47,396,,,
1148.96620938,0.02,1.4578984064428369e-06,37.06453323364258,2034,-2073.266357421875,245.13,24053,96316,9.693451151573797e-05,47,400,,,
1155.1699296600002,0.01,1.4578984064428369e-06,40.300880432128906,2059,-2054.240234375,247.57,24303,97316,9.693451151573797e-05,47,404,,,
1162.25647079,0.01,1.4578984064428369e-06,43.007164001464844,2084,-2042.83349609375,247.57,24553,98316,9.693451151573797e-05,47,408,,,
1164.54342645,0.01,1.4578984064428369e-06,32.04498291015625,2108,-2069.91748046875,247.57,24803,99316,9.693451151573797e-05,47,412,,,
,,1.4578984064428369e-06,38.46849822998047,,-2090.68505859375,,24974,100000,9.693451151573797e-05,,,250.0,0.0,861.0434333999999
1152.35452819,0.01,1.4578984064428369e-06,44.54725646972656,2134,-2068.59716796875,247.57,25053,100316,9.693451151573797e-05,46,416,,,
1116.72841844,0.01,1.4578984064428369e-06,39.442413330078125,2158,-2103.8818359375,247.57,25303,101316,9.693451151573797e-05,46,420,,,
1132.6077813699999,0.01,1.4578984064428369e-06,33.07425308227539,2183,-2033.197021484375,247.57,25553,102316,9.693451151573797e-05,46,424,,,
1161.9550847300002,0.01,1.4578984064428369e-06,30.23678970336914,2208,-2094.95654296875,247.57,25803,103316,9.693451151573797e-05,46,428,,,
1167.70839475,0.01,1.4578984064428369e-06,62.410255432128906,2232,-2059.17822265625,247.57,26053,104316,9.693451151573797e-05,46,432,,,
1157.8775996999998,0.01,1.4578984064428369e-06,29.243122100830078,2256,-2110.251953125,247.57,26303,105316,9.693451151573797e-05,46,436,,,
1138.77729234,0.01,1.4578984064428369e-06,41.49156951904297,2281,-2123.021240234375,247.57,26553,106316,9.693451151573797e-05,46,440,,,
1132.41369446,0.01,1.4578984064428369e-06,30.12655258178711,2306,-2084.40625,247.57,26803,107316,9.693451151573797e-05,46,444,,,
1100.23845208,0.01,1.4578984064428369e-06,40.2491340637207,2331,-2105.22802734375,247.57,27053,108316,9.693451151573797e-05,46,448,,,
1144.26434445,0.01,1.4578984064428369e-06,36.56282043457031,2350,-2117.010498046875,247.55,27242,109071,9.693451151573797e-05,46,452,,,
1135.21219728,0.02,1.4578984064428369e-06,37.60651779174805,2369,-2134.03515625,245.39,27438,109855,9.693451151573797e-05,46,456,,,
1129.74569159,0.02,1.4578984064428369e-06,38.483131408691406,2394,-2178.0126953125,245.39,27688,110855,9.693451151573797e-05,46,460,,,
1162.55344331,0.02,1.4578984064428369e-06,13985.73046875,2419,-2137.908203125,245.39,27938,111855,9.693451151573797e-05,46,464,,,
1168.3801898099998,0.02,1.4578984064428369e-06,41.012813568115234,2444,-2106.4189453125,245.39,28188,112855,9.693451151573797e-05,46,468,,,
1170.8505628499997,0.02,1.4578984064428369e-06,35.20307922363281,2470,-2155.837890625,245.39,28438,113855,9.693451151573797e-05,46,472,,,
1206.9544150699999,0.02,1.4578984064428369e-06,34.565834045410156,2496,-2125.427978515625,245.39,28688,114855,9.693451151573797e-05,45,476,,,
1224.930543,0.02,1.4578984064428369e-06,30.067930221557617,2523,-2187.552734375,245.39,28938,115855,9.693451151573797e-05,45,480,,,
1257.6632492100002,0.02,1.4578984064428369e-06,47.82200622558594,2548,-2179.650146484375,245.39,29188,116855,9.693451151573797e-05,45,484,,,
1273.3519327200001,0.02,1.4578984064428369e-06,31.373023986816406,2574,-2171.584228515625,245.39,29438,117855,9.693451151573797e-05,45,488,,,
1254.64992205,0.02,1.4578984064428369e-06,16242.0234375,2600,-2135.09033203125,245.39,29688,118855,9.693451151573797e-05,45,492,,,
1236.08725789,0.02,1.4578984064428369e-06,39.818626403808594,2625,-2193.77197265625,245.39,29938,119855,9.693451151573797e-05,45,496,,,
1263.8253504600002,0.03,1.4578984064428369e-06,66.1199951171875,2644,-2195.857177734375,242.92,30126,120608,9.693451151573797e-05,45,500,,,
1239.00197303,0.03,1.4578984064428369e-06,53.32527542114258,2671,-2171.196044921875,242.92,30376,121608,9.693451151573797e-05,45,504,,,
1215.2254924,0.03,1.4578984064428369e-06,51.795448303222656,2700,-2165.623779296875,242.92,30626,122608,9.693451151573797e-05,45,508,,,
1210.61673574,0.04,1.4578984064428369e-06,48.341102600097656,2720,-2167.66015625,240.69,30821,123385,9.693451151573797e-05,45,512,,,
1233.8010594999998,0.04,1.4578984064428369e-06,57.9837532043457,2745,-2220.602783203125,240.69,31071,124385,9.693451151573797e-05,45,516,,,
1274.43032722,0.04,1.4578984064428369e-06,45.866249084472656,2771,-2181.31787109375,240.69,31321,125385,9.693451151573797e-05,45,520,,,
1259.57219715,0.04,1.4578984064428369e-06,42.099700927734375,2797,-2163.483642578125,240.69,31571,126385,9.693451151573797e-05,45,524,,,
1253.30315163,0.04,1.4578984064428369e-06,32.67464828491211,2823,-2279.896728515625,240.69,31821,127385,9.693451151573797e-05,45,528,,,
1251.81590771,0.04,1.4578984064428369e-06,36.74681854248047,2849,-2213.723876953125,240.69,32071,128385,9.693451151573797e-05,45,532,,,
1238.8951633,0.04,1.4578984064428369e-06,46.73884582519531,2875,-2194.0712890625,240.69,32321,129385,9.693451151573797e-05,45,536,,,
1267.55032912,0.04,1.4578984064428369e-06,35442.48046875,2902,-2213.98828125,240.69,32571,130385,9.693451151573797e-05,44,540,,,
1237.41883116,0.04,1.4578984064428369e-06,62.41799545288086,2929,-2223.995849609375,240.69,32821,131385,9.693451151573797e-05,44,544,,,
1248.17566657,0.05,1.4578984064428369e-06,40.49143600463867,2949,-2263.02099609375,238.61,33019,132177,9.693451151573797e-05,44,548,,,
1243.5080880100002,0.04,1.4578984064428369e-06,53.06962585449219,2976,-2318.3974609375,241.06,33269,133177,9.693451151573797e-05,44,552,,,
1263.06254503,0.03,1.4578984064428369e-06,52.15573501586914,3003,-2283.927978515625,243.22,33519,134177,9.693451151573797e-05,44,556,,,
1301.0361215599996,0.03,1.4578984064428369e-06,155.9365692138672,3029,-2240.09814453125,243.22,33769,135177,9.693451151573797e-05,44,560,,,
1314.9995021700001,0.03,1.4578984064428369e-06,48.5030517578125,3056,-2288.11767578125,243.22,34019,136177,9.693451151573797e-05,44,564,,,
1324.11594786,0.03,1.4578984064428369e-06,41.58403778076172,3083,-2304.716552734375,243.22,34269,137177,9.693451151573797e-05,44,568,,,
1317.5513230299998,0.03,1.4578984064428369e-06,19312.6640625,3109,-2309.59716796875,243.22,34519,138177,9.693451151573797e-05,44,572,,,
1309.72269783,0.03,1.4578984064428369e-06,53.35437774658203,3135,-2230.447998046875,243.22,34769,139177,9.693451151573797e-05,44,576,,,
1256.1293390500002,0.04,1.4578984064428369e-06,68.26185607910156,3155,-2323.01220703125,240.97,34962,139952,9.693451151573797e-05,44,580,,,
1275.38484375,0.05,1.4578984064428369e-06,40.19797134399414,3176,-2330.13720703125,239.1,35166,140765,9.693451151573797e-05,44,584,,,
1236.34137846,0.06,1.4578984064428369e-06,58.27952575683594,3196,-2274.529541015625,236.7,35356,141525,9.693451151573797e-05,44,588,,,
1250.0612694200001,0.07,1.4578984064428369e-06,55.64636993408203,3217,-2305.362060546875,234.49,35550,142304,9.693451151573797e-05,44,592,,,
1262.7723895200002,0.07,1.4578984064428369e-06,40.32756042480469,3243,-2256.909423828125,234.49,35800,143304,9.693451151573797e-05,44,596,,,
1231.56685053,0.06,1.4578984064428369e-06,33.33238220214844,3269,-2245.07373046875,236.96,36050,144304,9.693451151573797e-05,44,600,,,
1237.35498252,0.06,1.4578984064428369e-06,70.73130798339844,3297,-2202.433837890625,236.96,36300,145304,9.693451151573797e-05,44,604,,,
1253.12007231,0.06,1.4578984064428369e-06,41.59574890136719,3323,-2245.593505859375,236.96,36550,146304,9.693451151573797e-05,44,608,,,
1252.91243115,0.05,1.4578984064428369e-06,44.08378219604492,3349,-2322.619140625,239.19,36800,147304,9.693451151573797e-05,43,612,,,
1237.16698214,0.05,1.4578984064428369e-06,210.21131896972656,3375,-2233.976806640625,239.19,37050,148304,9.693451151573797e-05,43,616,,,
1190.9100677100002,0.05,1.4578984064428369e-06,41.63685607910156,3402,-2314.6982421875,239.19,37300,149304,9.693451151573797e-05,43,620,,,
,,1.4578984064428369e-06,56.04915237426758,,-2314.5947265625,,37474,150000,9.693451151573797e-05,,,250.0,0.0,1078.3048288
1157.0702698300001,0.06,1.4578984064428369e-06,57.780738830566406,3423,-2210.99267578125,236.73,37489,150058,9.693451151573797e-05,43,624,,,
1151.1626903499998,0.06,1.4578984064428369e-06,76.84605407714844,3451,-2290.862060546875,236.73,37739,151058,9.693451151573797e-05,43,628,,,
1138.8428231999999,0.06,1.4578984064428369e-06,69.92413330078125,3477,-2297.72021484375,236.73,37989,152058,9.693451151573797e-05,43,632,,,
1138.2155267599999,0.06,1.4578984064428369e-06,62.78962326049805,3504,-2247.256103515625,236.73,38239,153058,9.693451151573797e-05,43,636,,,
1109.5324036499997,0.06,1.4578984064428369e-06,49.07765197753906,3531,-2236.57568359375,236.73,38489,154058,9.693451151573797e-05,43,640,,,
1144.6646573399998,0.06,1.4578984064428369e-06,40.39585876464844,3558,-2237.30078125,236.73,38739,155058,9.693451151573797e-05,43,644,,,
1126.0427866799998,0.05,1.4578984064428369e-06,41.982879638671875,3585,-2287.36865234375,238.81,38989,156058,9.693451151573797e-05,43,648,,,
1095.8201949200002,0.05,1.4578984064428369e-06,54.98640823364258,3612,-2310.667724609375,238.81,39239,157058,9.693451151573797e-05,43,652,,,
1061.79716366,0.07,1.4578984064428369e-06,49.012508392333984,3625,-2300.144775390625,233.9,39366,157567,9.693451151573797e-05,43,656,,,
1049.7800469699998,0.07,1.4578984064428369e-06,39.15728759765625,3652,-2225.291015625,233.9,39616,158567,9.693451151573797e-05,43,660,,,
1027.2744837100001,0.07,1.4578984064428369e-06,49.20794677734375,3680,-2312.218017578125,233.9,39866,159567,9.693451151573797e-05,43,664,,,
994.2064844700002,0.07,1.4578984064428369e-06,40.67629623413086,3707,-2348.89990234375,233.9,40116,160567,9.693451151573797e-05,43,668,,,
1000.53700421,0.08,1.4578984064428369e-06,45.64567565917969,3728,-2284.353515625,231.61,40309,161338,9.693451151573797e-05,43,672,,,
959.7262588799999,0.09,1.4578984064428369e-06,34.10528564453125,3748,-2272.882080078125,229.14,40497,162091,9.693451151573797e-05,43,676,,,
984.8193089299999,0.08,1.4578984064428369e-06,56.840118408203125,3776,-2311.44140625,231.39,40747,163091,9.693451151573797e-05,43,680,,,
947.6278493699999,0.07,1.4578984064428369e-06,53.72978973388672,3805,-2259.10595703125,233.26,40997,164091,9.693451151573797e-05,43,684,,,
944.7625315399997,0.06,1.4578984064428369e-06,55.32051086425781,3833,-2318.001953125,235.66,41247,165091,9.693451151573797e-05,43,688,,,
959.5674437800002,0.05,1.4578984064428369e-06,44.100311279296875,3860,-2318.669677734375,237.87,41497,166091,9.693451151573797e-05,43,692,,,
921.78751409,0.05,1.4578984064428369e-06,68.28375244140625,3887,-2266.595703125,237.87,41747,167091,9.693451151573797e-05,42,696,,,
956.6343664299998,0.05,1.4578984064428369e-06,59.149017333984375,3916,-2199.81787109375,237.87,41997,168091,9.693451151573797e-05,42,700,,,
970.4248747599999,0.05,1.4578984064428369e-06,39.575870513916016,3943,-2340.54638671875,237.87,42247,169091,9.693451151573797e-05,42,704,,,
973.43649097,0.05,1.4578984064428369e-06,59.05503845214844,3970,-2296.225830078125,237.87,42497,170091,9.693451151573797e-05,42,708,,,
1035.22850879,0.05,1.4578984064428369e-06,44.31032180786133,3998,-2245.468994140625,237.87,42747,171091,9.693451151573797e-05,42,712,,,
1044.16496491,0.05,1.4578984064428369e-06,59.63819885253906,4028,-2267.7060546875,237.87,42997,172091,9.693451151573797e-05,42,716,,,
1058.71824199,0.06,1.4578984064428369e-06,55.28241729736328,4050,-2294.357421875,235.43,43186,172847,9.693451151573797e-05,42,720,,,
1076.86690353,0.05,1.4578984064428369e-06,65.80226135253906,4078,-2286.5615234375,237.89,43436,173847,9.693451151573797e-05,42,724,,,
1059.8662512399999,0.05,1.4578984064428369e-06,54.75506591796875,4107,-2197.068359375,237.89,43686,174847,9.693451151573797e-05,42,728,,,
1035.30207032,0.06,1.4578984064428369e-06,71.59555053710938,4128,-2261.6396484375,235.47,43876,175605,9.693451151573797e-05,42,732,,,
1036.8896116199999,0.06,1.4578984064428369e-06,13418.251953125,4157,-2315.57958984375,235.47,44126,176605,9.693451151573797e-05,42,736,,,
1055.4963852600001,0.06,1.4578984064428369e-06,67.64752197265625,4186,-2230.449462890625,235.47,44376,177605,9.693451151573797e-05,42,740,,,
1059.06803813,0.06,1.4578984064428369e-06,61.19645690917969,4220,-2277.939697265625,235.47,44626,178605,9.693451151573797e-05,42,744,,,
1074.85486898,0.06,1.4578984064428369e-06,41.851444244384766,4249,-2307.05908203125,235.47,44876,179605,9.693451151573797e-05,42,748,,,
1100.25157062,0.06,1.4578984064428369e-06,64.18106079101562,4279,-2287.117919921875,235.47,45126,180605,9.693451151573797e-05,42,752,,,
1105.15734614,0.04,1.4578984064428369e-06,94.23431396484375,4310,-2233.77685546875,240.38,45376,181605,9.693451151573797e-05,42,756,,,
1090.61580188,0.05,1.4578984064428369e-06,698.769775390625,4338,-2348.79443359375,239.85,45612,182552,9.693451151573797e-05,42,760,,,
1084.32644055,0.05,1.4578984064428369e-06,941.148193359375,4369,-2377.3876953125,239.85,45862,183552,9.693451151573797e-05,42,764,,,
1103.08556963,0.05,1.4578984064428369e-06,372.68438720703125,4404,-2445.3671875,239.85,46112,184552,9.693451151573797e-05,41,768,,,
1099.44601683,0.04,1.4578984064428369e-06,229.81106567382812,4440,-2468.131591796875,242.14,46362,185552,9.693451151573797e-05,41,772,,,
1138.8939777,0.03,1.4578984064428369e-06,116.48090362548828,4477,-2518.04345703125,244.61,46612,186552,9.693451151573797e-05,41,776,,,
1147.59816313,0.03,1.4578984064428369e-06,107.19834899902344,4513,-2461.52978515625,244.61,46862,187552,9.693451151573797e-05,41,780,,,
1209.03747338,0.03,1.4578984064428369e-06,143.49945068359375,4550,-2444.7890625,244.61,47112,188552,9.693451151573797e-05,41,784,,,
1254.0346366800002,0.03,1.4578984064428369e-06,68.68292236328125,4584,-2468.10791015625,244.61,47362,189552,9.693451151573797e-05,41,788,,,
1246.10884809,0.03,1.4578984064428369e-06,94.0736312866211,4620,-2498.745361328125,244.61,47612,190552,9.693451151573797e-05,41,792,,,
1236.3043071399998,0.03,1.4578984064428369e-06,112.74470520019531,4650,-2450.623779296875,244.61,47862,191552,9.693451151573797e-05,41,796,,,
1194.08035138,0.03,1.4578984064428369e-06,74.20599365234375,4681,-2447.69580078125,244.61,48112,192552,9.693451151573797e-05,41,800,,,
1195.8395487,0.03,1.4578984064428369e-06,103.51319122314453,4711,-2382.209228515625,244.61,48362,193552,9.693451151573797e-05,41,804,,,
1169.90859017,0.03,1.4578984064428369e-06,95.46189880371094,4742,-2385.72998046875,244.61,48612,194552,9.693451151573797e-05,41,808,,,
1126.26684765,0.03,1.4578984064428369e-06,41.98298263549805,4772,-2418.08447265625,244.61,48862,195552,9.693451151573797e-05,40,812,,,
1139.7987360599998,0.03,1.4578984064428369e-06,40507.23828125,4803,-2392.188232421875,244.61,49112,196552,9.693451151573797e-05,40,816,,,
1134.17118311,0.02,1.4578984064428369e-06,100.62100219726562,4833,-2385.4853515625,247.05,49362,197552,9.693451151573797e-05,40,820,,,
1144.41094715,0.02,1.4578984064428369e-06,91.22317504882812,4863,-2401.96240234375,247.05,49612,198552,9.693451151573797e-05,40,824,,,
1146.53016105,0.02,1.4578984064428369e-06,63.17100524902344,4896,-2390.207763671875,247.05,49862,199552,9.693451151573797e-05,40,828,,,
,,1.4578984064428369e-06,47.617431640625,,-2379.952392578125,,49974,200000,9.693451151573797e-05,,,200.2,0.2,814.3596428
1211.3050023500002,0.01,1.4578984064428369e-06,46.62903594970703,4928,-2465.67529296875,249.47,50112,200552,9.693451151573797e-05,40,832,,,
1195.7271415200003,0.01,1.4578984064428369e-06,143.29733276367188,4959,-2353.5048828125,249.47,50362,201552,9.693451151573797e-05,40,836,,,
1201.65274402,0.01,1.4578984064428369e-06,72.24360656738281,4989,-2385.50390625,249.47,50612,202552,9.693451151573797e-05,40,840,,,
1181.5254878,0.01,1.4578984064428369e-06,55.340057373046875,5020,-2324.578125,249.47,50862,203552,9.693451151573797e-05,40,844,,,
1202.53115848,0.01,1.4578984064428369e-06,66.66108703613281,5051,-2342.22119140625,249.47,51112,204552,9.693451151573797e-05,40,848,,,
1232.5945439999998,0.01,1.4578984064428369e-06,74.71826171875,5082,-2273.812255859375,249.47,51362,205552,9.693451151573797e-05,40,852,,,
1274.58468811,0.01,1.4578984064428369e-06,56.09895324707031,5114,-2257.61376953125,249.47,51612,206552,9.693451151573797e-05,40,856,,,
1252.73622239,0.0,1.4578984064428369e-06,53.834598541259766,5145,-2313.4951171875,250.0,51862,207552,9.693451151573797e-05,40,860,,,
1240.78526191,0.01,1.4578984064428369e-06,58.885536193847656,5169,-2274.5625,247.61,52053,208313,9.693451151573797e-05,40,864,,,
1215.63362513,0.01,1.4578984064428369e-06,50.917808532714844,5200,-2268.501220703125,247.61,52303,209313,9.693451151573797e-05,40,868,,,
1214.41782216,0.02,1.4578984064428369e-06,48.075401306152344,5224,-2340.65234375,245.15,52491,210067,9.693451151573797e-05,40,872,,,
1203.56041306,0.02,1.4578984064428369e-06,94.97093200683594,5256,-2264.455078125,245.15,52741,211067,9.693451151573797e-05,40,876,,,
1202.2587937399999,0.02,1.4578984064428369e-06,83.73469543457031,5288,-2320.21337890625,245.15,52991,212067,9.693451151573797e-05,40,880,,,
1153.57440521,0.02,1.4578984064428369e-06,71.60749816894531,5320,-2302.398193359375,245.15,53241,213067,9.693451151573797e-05,40,884,,,
1115.37026579,0.03,1.4578984064428369e-06,80.8409194946289,5343,-2208.851318359375,242.71,53430,213823,9.693451151573797e-05,40,888,,,
1123.39329757,0.03,1.4578984064428369e-06,154.109130859375,5375,-2236.49658203125,242.71,53680,214823,9.693451151573797e-05,39,892,,,
1176.81081901,0.03,1.4578984064428369e-06,90.55503845214844,5407,-2272.77392578125,242.71,53930,215823,9.693451151573797e-05,39,896,,,
1225.81846724,0.03,1.4578984064428369e-06,85.01856231689453,5438,-2207.148681640625,242.71,54180,216823,9.693451151573797e-05,39,900,,,
1234.5521031100002,0.04,1.4578984064428369e-06,46.56822967529297,5463,-2260.75537109375,240.26,54369,217578,9.693451151573797e-05,39,904,,,
1236.76234197,0.04,1.4578984064428369e-06,65.06111907958984,5496,-2228.052978515625,240.26,54619,218578,9.693451151573797e-05,39,908,,,
1225.0587765300002,0.04,1.4578984064428369e-06,71.32193756103516,5528,-2204.9091796875,240.26,54869,219578,9.693451151573797e-05,39,912,,,
1230.15550845,0.04,1.4578984064428369e-06,70.69508361816406,5560,-2322.49365234375,240.26,55119,220578,9.693451151573797e-05,39,916,,,
1221.22460014,0.04,1.4578984064428369e-06,75.25660705566406,5591,-2270.20849609375,240.26,55369,221578,9.693451151573797e-05,39,920,,,
1202.72194015,0.04,1.4578984064428369e-06,66.17652893066406,5623,-2299.705810546875,240.26,55619,222578,9.693451151573797e-05,39,924,,,
1246.46863293,0.04,1.4578984064428369e-06,90.03863525390625,5654,-2259.4091796875,240.26,55869,223578,9.693451151573797e-05,39,928,,,
1213.6265149500002,0.04,1.4578984064428369e-06,77.0052490234375,5687,-2160.98291015625,240.26,56119,224578,9.693451151573797e-05,39,932,,,
1261.80495382,0.04,1.4578984064428369e-06,67.70976257324219,5720,-2221.073486328125,240.26,56369,225578,9.693451151573797e-05,39,936,,,
1242.1513968600002,0.04,1.4578984064428369e-06,116.35629272460938,5751,-2219.12158203125,240.26,56619,226578,9.693451151573797e-05,39,940,,,
1248.58959428,0.05,1.4578984064428369e-06,106.7593002319336,5776,-2232.93359375,237.84,56808,227336,9.693451151573797e-05,39,944,,,
1216.3809961299999,0.06,1.4578984064428369e-06,76.50306701660156,5800,-2318.44580078125,235.42,56998,228094,9.693451151573797e-05,39,948,,,
1181.8995375999998,0.06,1.4578984064428369e-06,77.90992736816406,5833,-2343.7138671875,235.42,57248,229094,9.693451151573797e-05,39,952,,,
1144.08266628,0.07,1.4578984064428369e-06,75.28467559814453,5858,-2235.261474609375,233.24,57443,229876,9.693451151573797e-05,39,956,,,
1146.02237396,0.07,1.4578984064428369e-06,85.256591796875,5890,-2157.6044921875,233.24,57693,230876,9.693451151573797e-05,39,960,,,
1150.8154231400001,0.06,1.4578984064428369e-06,87.26113891601562,5923,-2211.588623046875,235.63,57943,231876,9.693451151573797e-05,39,964,,,
1154.0754634600003,0.07,1.4578984064428369e-06,79.06034851074219,5947,-2274.33740234375,233.18,58132,232631,9.693451151573797e-05,39,968,,,
1167.0204540600002,0.06,1.4578984064428369e-06,73.1030502319336,5980,-2289.68896484375,235.64,58382,233631,9.693451151573797e-05,39,972,,,
1189.08285643,0.06,1.4578984064428369e-06,72.55020904541016,6013,-2222.385986328125,235.64,58632,234631,9.693451151573797e-05,39,976,,,
1167.681379,0.06,1.4578984064428369e-06,74.66310119628906,6046,-2304.300048828125,235.64,58882,235631,9.693451151573797e-05,38,980,,,
1154.8593523900001,0.07,1.4578984064428369e-06,58.62623596191406,6072,-2333.330810546875,233.62,59082,236429,9.693451151573797e-05,38,984,,,
1151.36660273,0.06,1.4578984064428369e-06,94.61325073242188,6105,-2333.788330078125,236.06,59332,237429,9.693451151573797e-05,38,988,,,
1135.52107087,0.06,1.4578984064428369e-06,137.76788330078125,6138,-2228.19580078125,236.06,59582,238429,9.693451151573797e-05,38,992,,,
1098.85781475,0.06,1.4578984064428369e-06,111.4572982788086,6171,-2356.08349609375,236.06,59832,239429,9.693451151573797e-05,38,996,,,
1064.6742707099997,0.06,1.4578984064428369e-06,115.02417755126953,6205,-2397.25390625,236.06,60082,240429,9.693451151573797e-05,38,1000,,,
1044.8535292999998,0.05,1.4578984064428369e-06,104.81719207763672,6239,-2365.642578125,238.51,60332,241429,9.693451151573797e-05,38,1004,,,
1061.1717673899998,0.05,1.4578984064428369e-06,81.22947692871094,6272,-2347.608154296875,238.51,60582,242429,9.693451151573797e-05,38,1008,,,
1077.17708383,0.05,1.4578984064428369e-06,57.139930725097656,6307,-2462.666015625,238.51,60832,243429,9.693451151573797e-05,38,1012,,,
1027.12017142,0.05,1.4578984064428369e-06,58.809730529785156,6341,-2358.3564453125,238.51,61082,244429,9.693451151573797e-05,38,1016,,,
1033.1678997,0.06,1.4578984064428369e-06,70.99266815185547,6367,-2382.42626953125,236.11,61272,245189,9.693451151573797e-05,38,1020,,,
1044.2720646399998,0.06,1.4578984064428369e-06,55.542972564697266,6401,-2452.353515625,236.11,61522,246189,9.693451151573797e-05,38,1024,,,
1015.6366905499999,0.06,1.4578984064428369e-06,61.799339294433594,6435,-2421.607666015625,236.11,61772,247189,9.693451151573797e-05,38,1028,,,
1005.8134917600001,0.06,1.4578984064428369e-06,118.2928466796875,6468,-2349.79736328125,236.11,62022,248189,9.693451151573797e-05,38,1032,,,
977.2547671699998,0.07,1.4578984064428369e-06,60.445980072021484,6494,-2478.272705078125,234.02,62219,248980,9.693451151573797e-05,38,1036,,,
1012.9128308999998,0.07,1.4578984064428369e-06,80.77706909179688,6528,-2304.3603515625,234.02,62469,249980,9.693451151573797e-05,38,1040,,,
,,1.4578984064428369e-06,90.5380630493164,,-2368.105224609375,,62474,250000,9.693451151573797e-05,,,250.0,0.0,953.8841632
997.5590623600001,0.06,1.4578984064428369e-06,171.27438354492188,6563,-2452.09130859375,236.44,62719,250980,9.693451151573797e-05,38,1044,,,
1018.3746635599999,0.05,1.4578984064428369e-06,72.70721435546875,6597,-2370.474853515625,238.86,62969,251980,9.693451151573797e-05,38,1048,,,
1036.29699751,0.05,1.4578984064428369e-06,76.96418762207031,6632,-2391.012451171875,238.86,63219,252980,9.693451151573797e-05,38,1052,,,
1027.5612740000004,0.05,1.4578984064428369e-06,45.62709426879883,6657,-2424.622802734375,238.59,63408,253735,9.693451151573797e-05,38,1056,,,
1014.1172162100002,0.06,1.4578984064428369e-06,215.74664306640625,6684,-2453.12353515625,236.16,63597,254492,9.693451151573797e-05,38,1060,,,
1016.0645451199999,0.07,1.4578984064428369e-06,51.50140380859375,6709,-2387.462158203125,233.68,63785,255244,9.693451151573797e-05,38,1064,,,
1029.49729001,0.06,1.4578984064428369e-06,106.1771240234375,6743,-2367.47705078125,236.13,64035,256244,9.693451151573797e-05,37,1068,,,
1031.7736869,0.06,1.4578984064428369e-06,70.33126831054688,6777,-2450.790283203125,236.13,64285,257244,9.693451151573797e-05,37,1072,,,
996.1686110099998,0.06,1.4578984064428369e-06,86.03404235839844,6811,-2372.872314453125,236.13,64535,258244,9.693451151573797e-05,37,1076,,,
1024.8066831300002,0.06,1.4578984064428369e-06,59.44761657714844,6845,-2394.64990234375,236.13,64785,259244,9.693451151573797e-05,37,1080,,,
1020.23333451,0.05,1.4578984064428369e-06,97.49925231933594,6879,-2386.28857421875,238.15,65035,260244,9.693451151573797e-05,37,1084,,,
1034.9513006400002,0.05,1.4578984064428369e-06,50.87936782836914,6914,-2424.359619140625,238.15,65285,261244,9.693451151573797e-05,37,1088,,,
1046.5761693200002,0.06,1.4578984064428369e-06,66.64523315429688,6942,-2425.2177734375,236.34,65490,262063,9.693451151573797e-05,37,1092,,,
1037.0790831099998,0.06,1.4578984064428369e-06,77.24972534179688,6976,-2436.259033203125,236.34,65740,263063,9.693451151573797e-05,37,1096,,,
1094.1436053999998,0.06,1.4578984064428369e-06,59.418216705322266,7010,-2536.479248046875,236.34,65990,264063,9.693451151573797e-05,37,1100,,,
1096.55140003,0.06,1.4578984064428369e-06,64.06546020507812,7045,-2464.16552734375,236.34,66240,265063,9.693451151573797e-05,37,1104,,,
1088.0392540900002,0.06,1.4578984064428369e-06,55.29603576660156,7080,-2467.243896484375,236.34,66490,266063,9.693451151573797e-05,37,1108,,,
1056.85238948,0.07,1.4578984064428369e-06,54.359832763671875,7107,-2369.00732421875,234.0,66682,266829,9.693451151573797e-05,37,1112,,,
1087.91035657,0.07,1.4578984064428369e-06,73.91377258300781,7142,-2461.4287109375,234.0,66932,267829,9.693451151573797e-05,37,1116,,,
1083.87029733,0.07,1.4578984064428369e-06,198.55770874023438,7168,-2490.3935546875,233.92,67120,268581,9.693451151573797e-05,37,1120,,,
1078.8945773599999,0.07,1.4578984064428369e-06,52.443084716796875,7203,-2586.4755859375,233.92,67370,269581,9.693451151573797e-05,37,1124,,,
1080.1326662699998,0.08,1.4578984064428369e-06,82.5991439819336,7229,-2476.98583984375,231.52,67560,270341,9.693451151573797e-05,37,1128,,,
1108.3943005800002,0.08,1.4578984064428369e-06,77.46847534179688,7264,-2474.5078125,231.52,67810,271341,9.693451151573797e-05,37,1132,,,
1119.09336863,0.07,1.4578984064428369e-06,64.55158233642578,7300,-2371.1015625,233.61,68060,272341,9.693451151573797e-05,37,1136,,,
1081.76435229,0.07,1.4578984064428369e-06,89.66253662109375,7335,-2456.017578125,233.61,68310,273341,9.693451151573797e-05,37,1140,,,
1080.1837322100002,0.07,1.4578984064428369e-06,65.22140502929688,7370,-2398.178466796875,233.61,68560,274341,9.693451151573797e-05,37,1144,,,
1055.2918395000002,0.07,1.4578984064428369e-06,91.56112670898438,7405,-2479.7548828125,233.61,68810,275341,9.693451151573797e-05,37,1148,,,
1053.6040975300002,0.07,1.4578984064428369e-06,91.42396545410156,7440,-2412.73046875,233.61,69060,276341,9.693451151573797e-05,37,1152,,,
1093.5326593700001,0.06,1.4578984064428369e-06,60.29046630859375,7475,-2494.7734375,236.06,69310,277341,9.693451151573797e-05,37,1156,,,
1129.33674868,0.06,1.4578984064428369e-06,58.36132049560547,7503,-2496.274658203125,236.26,69504,278118,9.693451151573797e-05,37,1160,,,
1124.33854224,0.05,1.4578984064428369e-06,69.34062194824219,7539,-2460.86572265625,238.74,69754,279118,9.693451151573797e-05,37,1164,,,
1121.06069237,0.05,1.4578984064428369e-06,126.82514953613281,7575,-2479.074951171875,238.74,70004,280118,9.693451151573797e-05,36,1168,,,
1118.12170734,0.05,1.4578984064428369e-06,95.11212158203125,7610,-2582.375,238.74,70254,281118,9.693451151573797e-05,36,1172,,,
1154.86669869,0.05,1.4578984064428369e-06,92.65760040283203,7646,-2566.20458984375,238.74,70504,282118,9.693451151573797e-05,36,1176,,,
1131.67619122,0.06,1.4578984064428369e-06,92.45977783203125,7674,-2508.376953125,236.81,70706,282925,9.693451151573797e-05,36,1180,,,
1137.49288298,0.06,1.4578984064428369e-06,97.9989013671875,7710,-2516.04638671875,236.81,70956,283925,9.693451151573797e-05,36,1184,,,
1146.83552387,0.07,1.4578984064428369e-06,90.52273559570312,7738,-2579.634033203125,234.7,71153,284714,9.693451151573797e-05,36,1188,,,
1140.3417371200003,0.06,1.4578984064428369e-06,100.02684020996094,7774,-2535.982666015625,236.51,71403,285714,9.693451151573797e-05,36,1192,,,
1179.88687163,0.06,1.4578984064428369e-06,102.98646545410156,7810,-2592.3203125,236.51,71653,286714,9.693451151573797e-05,36,1196,,,
1134.20116006,0.07,1.4578984064428369e-06,116.1572494506836,7838,-2624.872314453125,234.24,71846,287487,9.693451151573797e-05,36,1200,,,
1129.58514004,0.07,1.4578984064428369e-06,107.18367004394531,7875,-2587.2197265625,234.24,72096,288487,9.693451151573797e-05,36,1204,,,
1121.06356451,0.07,1.4578984064428369e-06,51874.11328125,7911,-2682.000244140625,234.24,72346,289487,9.693451151573797e-05,36,1208,,,
1151.3931280600002,0.06,1.4578984064428369e-06,80.28577423095703,7947,-2647.671630859375,236.58,72596,290487,9.693451151573797e-05,36,1212,,,
1141.9906023300002,0.06,1.4578984064428369e-06,77.84417724609375,7984,-2619.40625,236.58,72846,291487,9.693451151573797e-05,36,1216,,,
1146.1435901099999,0.05,1.4578984064428369e-06,61.63555145263672,8020,-2770.381103515625,239.06,73096,292487,9.693451151573797e-05,36,1220,,,
1173.8570302599999,0.05,1.4578984064428369e-06,64.5154800415039,8056,-2725.0537109375,239.06,73346,293487,9.693451151573797e-05,36,1224,,,
1169.16033958,0.04,1.4578984064428369e-06,31932.85546875,8093,-2773.426025390625,241.46,73596,294487,9.693451151573797e-05,36,1228,,,
1143.18901472,0.04,1.4578984064428369e-06,110.01303100585938,8130,-2709.3466796875,241.46,73846,295487,9.693451151573797e-05,36,1232,,,
1131.7350345999998,0.04,1.4578984064428369e-06,66.07586669921875,8167,-2859.184814453125,241.46,74096,296487,9.693451151573797e-05,36,1236,,,
1144.86930143,0.04,1.4578984064428369e-06,82.65190124511719,8203,-2725.79443359375,241.46,74346,297487,9.693451151573797e-05,36,1240,,,
1159.6200306100002,0.04,1.4578984064428369e-06,81.33614349365234,8240,-2868.62841796875,241.46,74596,298487,9.693451151573797e-05,36,1244,,,
1164.77410666,0.05,1.4578984064428369e-06,56.85038757324219,8268,-2769.28125,239.02,74785,299243,9.693451151573797e-05,36,1248,,,
,,1.4578984064428369e-06,57.28907775878906,,-2788.980712890625,,74974,300000,9.693451151573797e-05,,,250.0,0.0,1046.516454
1169.0296243900002,0.05,1.4578984064428369e-06,78.62261962890625,8306,-2810.3037109375,239.02,75035,300243,9.693451151573797e-05,36,1252,,,
1161.6090805600002,0.05,1.4578984064428369e-06,174.60317993164062,8343,-2806.0830078125,239.02,75285,301243,9.693451151573797e-05,36,1256,,,
1165.10078816,0.04,1.4578984064428369e-06,52.13695526123047,8380,-2779.580078125,241.25,75535,302243,9.693451151573797e-05,36,1260,,,
1175.06762727,0.04,1.4578984064428369e-06,69.40354919433594,8417,-2860.489501953125,241.25,75785,303243,9.693451151573797e-05,36,1264,,,
1149.1129646500003,0.05,1.4578984064428369e-06,42.21739959716797,8446,-2885.4326171875,238.85,75975,304003,9.693451151573797e-05,35,1268,,,
1171.71639799,0.05,1.4578984064428369e-06,65.52958679199219,8484,-2833.082275390625,238.85,76225,305003,9.693451151573797e-05,35,1272,,,
1128.04230859,0.05,1.4578984064428369e-06,54.20893096923828,8521,-2780.052001953125,238.85,76475,306003,9.693451151573797e-05,35,1276,,,
1110.5766056200002,0.06,1.4578984064428369e-06,41.55413055419922,8540,-2861.99951171875,235.9,76603,306515,9.693451151573797e-05,35,1280,,,
1146.2804657400002,0.06,1.4578984064428369e-06,51.01195526123047,8577,-2763.93505859375,235.9,76853,307515,9.693451151573797e-05,35,1284,,,
1126.42870514,0.05,1.4578984064428369e-06,60.35675048828125,8613,-2852.079833984375,238.01,77103,308515,9.693451151573797e-05,35,1288,,,
1115.7515288000002,0.05,1.4578984064428369e-06,63.358604431152344,8651,-2809.029541015625,238.01,77353,309515,9.693451151573797e-05,35,1292,,,
1083.32007851,0.05,1.4578984064428369e-06,64.42605590820312,8688,-2840.159423828125,238.01,77603,310515,9.693451151573797e-05,35,1296,,,
1098.03704761,0.04,1.4578984064428369e-06,52.938743591308594,8726,-2814.327880859375,240.28,77853,311515,9.693451151573797e-05,35,1300,,,
1155.6036035099999,0.04,1.4578984064428369e-06,55.727020263671875,8763,-2836.92041015625,240.28,78103,312515,9.693451151573797e-05,35,1304,,,
1172.1078164799997,0.04,1.4578984064428369e-06,51.010841369628906,8801,-2844.556640625,240.28,78353,313515,9.693451151573797e-05,35,1308,,,
1170.21072002,0.05,1.4578984064428369e-06,119.70768737792969,8830,-2785.66650390625,237.82,78542,314269,9.693451151573797e-05,35,1312,,,
1192.99764668,0.05,1.4578984064428369e-06,103.93374633789062,8867,-2842.5927734375,237.82,78792,315269,9.693451151573797e-05,35,1316,,,
1218.1708910900002,0.05,1.4578984064428369e-06,69.11680603027344,8905,-2825.571533203125,237.82,79042,316269,9.693451151573797e-05,35,1320,,,
1173.90593899,0.06,1.4578984064428369e-06,91.99676513671875,8934,-2772.17529296875,235.46,79233,317033,9.693451151573797e-05,35,1324,,,
1185.89055521,0.06,1.4578984064428369e-06,52.080360412597656,8971,-2762.385498046875,235.46,79483,318033,9.693451151573797e-05,35,1328,,,
1171.48512607,0.06,1.4578984064428369e-06,47.21311950683594,9009,-2801.584716796875,235.46,79733,319033,9.693451151573797e-05,35,1332,,,
1174.4858342300001,0.06,1.4578984064428369e-06,96.02074432373047,9047,-2687.0830078125,235.46,79983,320033,9.693451151573797e-05,35,1336,,,
1161.39679788,0.06,1.4578984064428369e-06,82.89427185058594,9085,-2833.487548828125,235.46,80233,321033,9.693451151573797e-05,35,1340,,,
1144.6856132399998,0.07,1.4578984064428369e-06,69.13076782226562,9116,-2781.146240234375,233.51,80434,321838,9.693451151573797e-05,35,1344,,,
1177.88027565,0.06,1.4578984064428369e-06,88.83195495605469,9155,-2749.871826171875,235.95,80684,322838,9.693451151573797e-05,35,1348,,,
1168.47264117,0.06,1.4578984064428369e-06,62.62841796875,9193,-2669.254638671875,235.95,80934,323838,9.693451151573797e-05,35,1352,,,
1157.13968863,0.06,1.4578984064428369e-06,60.45609664916992,9230,-2848.313720703125,235.95,81184,324838,9.693451151573797e-05,35,1356,,,
1126.39120825,0.06,1.4578984064428369e-06,85.93572235107422,9268,-2695.29931640625,235.95,81434,325838,9.693451151573797e-05,35,1360,,,
1145.93353782,0.06,1.4578984064428369e-06,78.33987426757812,9306,-2666.165771484375,235.95,81684,326838,9.693451151573797e-05,35,1364,,,
1158.64192501,0.06,1.4578984064428369e-06,61.37078094482422,9335,-2763.65478515625,235.87,81872,327590,9.693451151573797e-05,35,1368,,,
1129.7474633200002,0.06,1.4578984064428369e-06,94.27604675292969,9373,-2673.525390625,235.87,82122,328590,9.693451151573797e-05,35,1372,,,
1165.09464559,0.06,1.4578984064428369e-06,54.045989990234375,9412,-2689.67919921875,235.87,82372,329590,9.693451151573797e-05,35,1376,,,
1168.76911857,0.05,1.4578984064428369e-06,60.41221237182617,9441,-2731.6982421875,238.27,82560,330342,9.693451151573797e-05,34,1380,,,
1132.2645383400002,0.05,1.4578984064428369e-06,48.73646926879883,9479,-2616.917236328125,238.27,82810,331342,9.693451151573797e-05,34,1384,,,
1171.45054811,0.06,1.4578984064428369e-06,69.67989349365234,9509,-2694.871826171875,236.0,83003,332115,9.693451151573797e-05,34,1388,,,
1168.85415125,0.06,1.4578984064428369e-06,61.11811828613281,9547,-2641.18994140625,236.0,83253,333115,9.693451151573797e-05,34,1392,,,
1187.0293731599997,0.06,1.4578984064428369e-06,59.00654983520508,9586,-2576.30712890625,236.0,83503,334115,9.693451151573797e-05,34,1396,,,
1171.13130481,0.06,1.4578984064428369e-06,50.16526412963867,9624,-2623.860595703125,236.0,83753,335115,9.693451151573797e-05,34,1400,,,
1125.44808018,0.06,1.4578984064428369e-06,73.24613189697266,9663,-2546.31884765625,236.0,84003,336115,9.693451151573797e-05,34,1404,,,
1130.18443063,0.06,1.4578984064428369e-06,80.16593933105469,9702,-2642.505126953125,236.0,84253,337115,9.693451151573797e-05,34,1408,,,
1110.03926179,0.05,1.4578984064428369e-06,88.65606689453125,9740,-2598.06787109375,238.46,84503,338115,9.693451151573797e-05,34,1412,,,
1110.0978576100001,0.05,1.4578984064428369e-06,81.70341491699219,9780,-2693.28369140625,238.46,84753,339115,9.693451151573797e-05,34,1416,,,
1104.61881394,0.06,1.4578984064428369e-06,60.209571838378906,9809,-2631.4287109375,235.99,84941,339868,9.693451151573797e-05,34,1420,,,
1121.4387996300002,0.05,1.4578984064428369e-06,72.29407501220703,9848,-2556.9345703125,238.35,85191,340868,9.693451151573797e-05,34,1424,,,
1151.20872557,0.05,1.4578984064428369e-06,116.89022827148438,9887,-2603.816162109375,238.35,85441,341868,9.693451151573797e-05,34,1428,,,
1138.15185563,0.06,1.4578984064428369e-06,84.81866455078125,9918,-2525.987060546875,235.87,85629,342620,9.693451151573797e-05,34,1432,,,
1171.15340454,0.06,1.4578984064428369e-06,88.77833557128906,9956,-2638.619140625,235.87,85879,343620,9.693451151573797e-05,34,1436,,,
1210.12879117,0.06,1.4578984064428369e-06,59.75715637207031,9995,-2563.503173828125,235.87,86129,344620,9.693451151573797e-05,34,1440,,,
1214.8112963400004,0.05,1.4578984064428369e-06,55.21532440185547,10034,-2475.96044921875,237.82,86379,345620,9.693451151573797e-05,34,1444,,,
1174.1527576,0.05,1.4578984064428369e-06,62.12770080566406,10073,-2668.89697265625,237.82,86629,346620,9.693451151573797e-05,34,1448,,,
1175.5582319199998,0.05,1.4578984064428369e-06,54.743133544921875,10112,-2649.197265625,237.82,86879,347620,9.693451151573797e-05,34,1452,,,
1206.00434742,0.05,1.4578984064428369e-06,51.549835205078125,10151,-2571.798828125,237.82,87129,348620,9.693451151573797e-05,34,1456,,,
1221.8926769500001,0.05,1.4578984064428369e-06,50.081512451171875,10191,-2618.14404296875,237.82,87379,349620,9.693451151573797e-05,34,1460,,,
,,1.4578984064428369e-06,69.056396484375,,-2611.896484375,,87474,350000,9.693451151573797e-05,,,250.0,0.0,1237.1765434000001
1201.85795741,0.05,1.4578984064428369e-06,73.08294677734375,10232,-2590.6875,237.82,87629,350620,9.693451151573797e-05,34,1464,,,
1203.52420752,0.04,1.4578984064428369e-06,63.244972229003906,10272,-2485.59375,240.3,87879,351620,9.693451151573797e-05,34,1468,,,
1225.2201987899998,0.04,1.4578984064428369e-06,63.515438079833984,10312,-2459.168212890625,240.3,88129,352620,9.693451151573797e-05,34,1472,,,
1205.7680928,0.04,1.4578984064428369e-06,63.53838348388672,10352,-2518.701171875,240.3,88379,353620,9.693451151573797e-05,34,1476,,,
1231.0677719500002,0.03,1.4578984064428369e-06,74.49452209472656,10396,-2452.67822265625,242.78,88629,354620,9.693451151573797e-05,34,1480,,,
1260.7559260300002,0.03,1.4578984064428369e-06,53.103858947753906,10438,-2460.83935546875,242.78,88879,355620,9.693451151573797e-05,34,1484,,,
1219.75612046,0.03,1.4578984064428369e-06,62.81536102294922,10470,-2538.01611328125,242.57,89067,356372,9.693451151573797e-05,34,1488,,,
1226.80492289,0.04,1.4578984064428369e-06,278.848388671875,10502,-2593.20703125,240.4,89263,357155,9.693451151573797e-05,34,1492,,,
1204.72746655,0.04,1.4578984064428369e-06,62.791175842285156,10545,-2472.22314453125,240.4,89513,358155,9.693451151573797e-05,33,1496,,,
1197.40639438,0.04,1.4578984064428369e-06,71.45860290527344,10586,-2476.132080078125,240.4,89763,359155,9.693451151573797e-05,33,1500,,,
1166.7057141200003,0.04,1.4578984064428369e-06,96.08843994140625,10628,-2460.421630859375,240.4,90013,360155,9.693451151573797e-05,33,1504,,,
1158.11937887,0.04,1.4578984064428369e-06,63.0758056640625,10672,-2493.208740234375,240.4,90263,361155,9.693451151573797e-05,33,1508,,,
1171.96667293,0.04,1.4578984064428369e-06,61.059791564941406,10714,-2444.69775390625,240.4,90513,362155,9.693451151573797e-05,33,1512,,,
1146.6871233900001,0.04,1.4578984064428369e-06,40.594276428222656,10756,-2488.363525390625,240.4,90763,363155,9.693451151573797e-05,33,1516,,,
1141.98450919,0.03,1.4578984064428369e-06,59.148277282714844,10797,-2457.4091796875,242.87,91013,364155,9.693451151573797e-05,33,1520,,,
1130.6028250399997,0.03,1.4578984064428369e-06,83.35626983642578,10839,-2420.58935546875,242.87,91263,365155,9.693451151573797e-05,33,1524,,,
1078.16616426,0.03,1.4578984064428369e-06,70.03744506835938,10882,-2427.58251953125,242.87,91513,366155,9.693451151573797e-05,33,1528,,,
1122.21353587,0.02,1.4578984064428369e-06,43.57579803466797,10924,-2513.764404296875,245.35,91763,367155,9.693451151573797e-05,33,1532,,,
1082.8885308,0.02,1.4578984064428369e-06,97.96585845947266,10966,-2263.4189453125,245.35,92013,368155,9.693451151573797e-05,33,1536,,,
1066.25665168,0.02,1.4578984064428369e-06,59.6551513671875,11010,-2458.815673828125,245.35,92263,369155,9.693451151573797e-05,33,1540,,,
1082.0708585099999,0.02,1.4578984064428369e-06,52699.625,11052,-2469.96142578125,245.35,92513,370155,9.693451151573797e-05,33,1544,,,
1083.4662709000002,0.02,1.4578984064428369e-06,52.209320068359375,11095,-2466.4833984375,245.35,92763,371155,9.693451151573797e-05,33,1548,,,
1115.17177717,0.02,1.4578984064428369e-06,60.534698486328125,11138,-2440.515380859375,245.35,93013,372155,9.693451151573797e-05,33,1552,,,
1073.6088355900001,0.02,1.4578984064428369e-06,311.8274230957031,11181,-2360.4013671875,245.35,93263,373155,9.693451151573797e-05,33,1556,,,
1070.8404742999999,0.02,1.4578984064428369e-06,70.13802337646484,11224,-2285.1650390625,245.35,93513,374155,9.693451151573797e-05,33,1560,,,
1066.29846781,0.02,1.4578984064428369e-06,96.58294677734375,11266,-2397.2158203125,245.35,93763,375155,9.693451151573797e-05,33,1564,,,
1085.7352375800003,0.02,1.4578984064428369e-06,64.49040222167969,11309,-2376.056640625,245.35,94013,376155,9.693451151573797e-05,33,1568,,,
1081.79955707,0.02,1.4578984064428369e-06,86.6426773071289,11351,-2401.717529296875,245.35,94263,377155,9.693451151573797e-05,33,1572,,,
1071.4415175899999,0.02,1.4578984064428369e-06,56.694984436035156,11394,-2395.828125,245.35,94513,378155,9.693451151573797e-05,33,1576,,,
1057.32463921,0.02,1.4578984064428369e-06,61.432228088378906,11437,-2412.31201171875,245.35,94763,379155,9.693451151573797e-05,33,1580,,,
1049.59955292,0.02,1.4578984064428369e-06,55.597965240478516,11481,-2315.59716796875,245.35,95013,380155,9.693451151573797e-05,33,1584,,,
1080.9759104399998,0.01,1.4578984064428369e-06,110.21003723144531,11523,-2332.12939453125,247.83,95263,381155,9.693451151573797e-05,33,1588,,,
1123.52605845,0.0,1.4578984064428369e-06,72.57699584960938,11567,-2371.466552734375,250.0,95513,382155,9.693451151573797e-05,33,1592,,,
1146.80089062,0.0,1.4578984064428369e-06,56.86174011230469,11611,-2230.72216796875,250.0,95763,383155,9.693451151573797e-05,32,1596,,,
1133.02025304,0.0,1.4578984064428369e-06,79.6539077758789,11654,-2199.243896484375,250.0,96013,384155,9.693451151573797e-05,32,1600,,,
1130.9043978,0.0,1.4578984064428369e-06,48.55445861816406,11699,-2290.8388671875,250.0,96263,385155,9.693451151573797e-05,32,1604,,,
1132.7775899199999,0.0,1.4578984064428369e-06,88.17593383789062,11743,-2279.29052734375,250.0,96513,386155,9.693451151573797e-05,32,1608,,,
1143.7284884899998,0.0,1.4578984064428369e-06,74.91477966308594,11788,-2231.469970703125,250.0,96763,387155,9.693451151573797e-05,32,1612,,,
1151.41108582,0.0,1.4578984064428369e-06,45.341373443603516,11832,-2370.395263671875,250.0,97013,388155,9.693451151573797e-05,32,1616,,,
1185.4971532,0.0,1.4578984064428369e-06,58.14409637451172,11876,-2376.30029296875,250.0,97263,389155,9.693451151573797e-05,32,1620,,,
1229.87328886,0.0,1.4578984064428369e-06,76.79120635986328,11919,-2273.9951171875,250.0,97513,390155,9.693451151573797e-05,32,1624,,,
1269.70763612,0.0,1.4578984064428369e-06,67.43218994140625,11963,-2304.293212890625,250.0,97763,391155,9.693451151573797e-05,32,1628,,,
1236.8508892300001,0.01,1.4578984064428369e-06,60.280174255371094,11996,-2217.814453125,247.56,97952,391911,9.693451151573797e-05,32,1632,,,
1249.8532066100001,0.01,1.4578984064428369e-06,82.84202575683594,12040,-2293.1376953125,247.56,98202,392911,9.693451151573797e-05,32,1636,,,
1232.7247569400001,0.01,1.4578984064428369e-06,72.22105407714844,12088,-2266.913818359375,247.56,98452,393911,9.693451151573797e-05,32,1640,,,
1220.67982736,0.01,1.4578984064428369e-06,49.39461135864258,12132,-2237.21728515625,247.56,98702,394911,9.693451151573797e-05,32,1644,,,
1263.83886261,0.01,1.4578984064428369e-06,62.82569885253906,12176,-2374.1357421875,247.56,98952,395911,9.693451151573797e-05,32,1648,,,
1229.3343429200002,0.01,1.4578984064428369e-06,67.9632797241211,12225,-2335.65234375,247.56,99202,396911,9.693451151573797e-05,32,1652,,,
1217.7263805600003,0.01,1.4578984064428369e-06,72.90872955322266,12271,-2212.134521484375,247.56,99452,397911,9.693451151573797e-05,32,1656,,,
1205.1115059,0.01,1.4578984064428369e-06,75.35236358642578,12317,-2192.65185546875,247.56,99702,398911,9.693451151573797e-05,32,1660,,,
1213.00725764,0.01,1.4578984064428369e-06,53.89824676513672,12363,-2268.149169921875,247.56,99952,399911,9.693451151573797e-05,32,1664,,,
,,1.4578984064428369e-06,57.02185821533203,,-2232.59912109375,,99974,400000,9.693451151573797e-05,,,200.6,0.2,752.9764448
1193.26935936,0.03,1.4578984064428369e-06,80.78190612792969,12390,-2205.63525390625,243.05,100089,400460,9.693451151573797e-05,32,1668,,,
1188.55045283,0.03,1.4578984064428369e-06,55.297183990478516,12436,-2119.0224609375,243.05,100339,401460,9.693451151573797e-05,32,1672,,,
1199.07459991,0.03,1.4578984064428369e-06,73.51203155517578,12485,-2238.220703125,243.05,100589,402460,9.693451151573797e-05,32,1676,,,
1184.90672615,0.05,1.4578984064428369e-06,103.13861083984375,12509,-2165.7177734375,238.22,100719,402977,9.693451151573797e-05,32,1680,,,
1184.8786682499997,0.05,1.4578984064428369e-06,83.05289459228516,12556,-2335.09814453125,238.22,100969,403977,9.693451151573797e-05,32,1684,,,
1177.76530364,0.05,1.4578984064428369e-06,61.86395263671875,12603,-2282.822021484375,238.22,101219,404977,9.693451151573797e-05,32,1688,,,
1176.8128265799999,0.05,1.4578984064428369e-06,128.48374938964844,12652,-2323.474365234375,238.22,101469,405977,9.693451151573797e-05,32,1692,,,
1188.4531014699999,0.05,1.4578984064428369e-06,72.76383972167969,12699,-2206.6455078125,238.22,101719,406977,9.693451151573797e-05,32,1696,,,
1216.3540765300002,0.05,1.4578984064428369e-06,83.61589050292969,12746,-2194.145751953125,238.22,101969,407977,9.693451151573797e-05,32,1700,,,
1238.4950809900001,0.05,1.4578984064428369e-06,76.60282897949219,12795,-2093.94873046875,238.22,102219,408977,9.693451151573797e-05,31,1704,,,
1254.65110038,0.05,1.4578984064428369e-06,73.5390625,12845,-2203.148681640625,238.22,102469,409977,9.693451151573797e-05,31,1708,,,
1279.2036758999998,0.05,1.4578984064428369e-06,94.66229248046875,12894,-2208.01171875,238.22,102719,410977,9.693451151573797e-05,31,1712,,,
1251.91981023,0.06,1.4578984064428369e-06,46153.265625,12930,-2098.161865234375,235.86,102910,411741,9.693451151573797e-05,31,1716,,,
1210.1152312099998,0.06,1.4578984064428369e-06,107.02555847167969,12979,-2222.458251953125,235.86,103160,412741,9.693451151573797e-05,31,1720,,,
1169.0484139600003,0.06,1.4578984064428369e-06,100.17192077636719,13027,-2299.811279296875,235.86,103410,413741,9.693451151573797e-05,31,1724,,,
1148.43697329,0.07,1.4578984064428369e-06,62.31328582763672,13063,-2222.432373046875,233.39,103598,414494,9.693451151573797e-05,31,1728,,,
1212.86487262,0.06,1.4578984064428369e-06,90.5699691772461,13111,-2166.89306640625,235.83,103848,415494,9.693451151573797e-05,31,1732,,,
1195.53564385,0.06,1.4578984064428369e-06,132.26104736328125,13160,-2285.707763671875,235.83,104098,416494,9.693451151573797e-05,31,1736,,,
1208.8744650800002,0.06,1.4578984064428369e-06,96.89045715332031,13208,-2163.075439453125,235.83,104348,417494,9.693451151573797e-05,31,1740,,,
1215.6093383,0.06,1.4578984064428369e-06,53.21366500854492,13258,-2206.99267578125,235.83,104598,418494,9.693451151573797e-05,31,1744,,,
1186.12538063,0.07,1.4578984064428369e-06,76.5267105102539,13295,-2077.441650390625,233.38,104787,419249,9.693451151573797e-05,31,1748,,,
1177.3839781000001,0.07,1.4578984064428369e-06,161.15447998046875,13343,-2164.794921875,233.38,105037,420249,9.693451151573797e-05,31,1752,,,
1240.3538361199999,0.07,1.4578984064428369e-06,71.1408920288086,13395,-2346.052734375,233.38,105287,421249,9.693451151573797e-05,31,1756,,,
1237.4706905199998,0.07,1.4578984064428369e-06,108.89044952392578,13444,-2073.9609375,233.38,105537,422249,9.693451151573797e-05,31,1760,,,
1224.86931518,0.08,1.4578984064428369e-06,164.1911163330078,13484,-2227.2373046875,231.58,105742,423069,9.693451151573797e-05,31,1764,,,
1222.58239167,0.07,1.4578984064428369e-06,82.91995239257812,13522,-2091.358154296875,233.63,105930,423823,9.693451151573797e-05,31,1768,,,
1206.03074942,0.07,1.4578984064428369e-06,64.962158203125,13572,-2164.7724609375,233.63,106180,424823,9.693451151573797e-05,31,1772,,,
1190.56846013,0.07,1.4578984064428369e-06,101.77577209472656,13622,-2238.686279296875,233.63,106430,425823,9.693451151573797e-05,31,1776,,,
1191.78776125,0.05,1.4578984064428369e-06,84.67120361328125,13672,-2129.312255859375,238.46,106680,426823,9.693451151573797e-05,31,1780,,,
1163.83508531,0.07,1.4578984064428369e-06,77.9182357788086,13697,-2289.761962890625,233.68,106811,427345,9.693451151573797e-05,31,1784,,,
1150.8836447600002,0.07,1.4578984064428369e-06,128.6818389892578,13744,-2114.88818359375,233.68,107061,428345,9.693451151573797e-05,31,1788,,,
1088.9006683,0.07,1.4578984064428369e-06,112.51307678222656,13789,-2135.669189453125,233.68,107311,429345,9.693451151573797e-05,31,1792,,,
1080.17878391,0.07,1.4578984064428369e-06,107.45050048828125,13835,-2188.90185546875,233.68,107561,430345,9.693451151573797e-05,31,1796,,,
1084.8476347800001,0.07,1.4578984064428369e-06,131.55972290039062,13882,-2126.51220703125,233.68,107811,431345,9.693451151573797e-05,31,1800,,,
1073.1058389200002,0.08,1.4578984064428369e-06,103.90402221679688,13917,-2152.80419921875,231.22,107999,432099,9.693451151573797e-05,31,1804,,,
1049.97350608,0.08,1.4578984064428369e-06,152.85897827148438,13964,-2166.4013671875,231.22,108249,433099,9.693451151573797e-05,31,1808,,,
1023.7467972500001,0.08,1.4578984064428369e-06,129.8826141357422,14010,-2222.533203125,231.22,108499,434099,9.693451151573797e-05,30,1812,,,
1063.46156388,0.07,1.4578984064428369e-06,83.25300598144531,14057,-2234.396240234375,233.58,108749,435099,9.693451151573797e-05,30,1816,,,
1063.6513303200002,0.07,1.4578984064428369e-06,111.98477172851562,14104,-2244.372314453125,233.58,108999,436099,9.693451151573797e-05,30,1820,,,
1069.02706192,0.07,1.4578984064428369e-06,118.06925964355469,14150,-2242.391357421875,233.58,109249,437099,9.693451151573797e-05,30,1824,,,
1049.0870177999998,0.06,1.4578984064428369e-06,112.35258483886719,14196,-2264.495361328125,236.05,109499,438099,9.693451151573797e-05,30,1828,,,
990.30222538,0.06,1.4578984064428369e-06,48863.3984375,14242,-2181.304443359375,236.05,109749,439099,9.693451151573797e-05,30,1832,,,
1013.7101182000001,0.06,1.4578984064428369e-06,113.71058654785156,14290,-2210.681640625,236.05,109999,440099,9.693451151573797e-05,30,1836,,,
1004.9440085300001,0.06,1.4578984064428369e-06,90.48836517333984,14336,-2320.278564453125,236.05,110249,441099,9.693451151573797e-05,30,1840,,,
1010.89247811,0.06,1.4578984064428369e-06,103.95174407958984,14382,-2264.005859375,236.05,110499,442099,9.693451151573797e-05,30,1844,,,
1026.28780695,0.05,1.4578984064428369e-06,97.88212585449219,14429,-2347.59912109375,238.5,110749,443099,9.693451151573797e-05,30,1848,,,
1030.4958641499998,0.05,1.4578984064428369e-06,87.1522216796875,14476,-2308.3671875,238.5,110999,444099,9.693451151573797e-05,30,1852,,,
983.9173354300001,0.05,1.4578984064428369e-06,88.420654296875,14523,-2376.9775390625,238.5,111249,445099,9.693451151573797e-05,30,1856,,,
1026.8803058900003,0.05,1.4578984064428369e-06,105.33915710449219,14569,-2271.649169921875,238.5,111499,446099,9.693451151573797e-05,30,1860,,,
1067.4808342600002,0.04,1.4578984064428369e-06,85.6955795288086,14617,-2308.2158203125,240.3,111749,447099,9.693451151573797e-05,30,1864,,,
1067.5158913600003,0.03,1.4578984064428369e-06,114.20732116699219,14664,-2310.009033203125,242.76,111999,448099,9.693451151573797e-05,30,1868,,,
1071.86768564,0.03,1.4578984064428369e-06,55.34086608886719,14711,-2421.00927734375,242.76,112249,449099,9.693451151573797e-05,30,1872,,,
1065.8064681000003,0.04,1.4578984064428369e-06,111.45672607421875,14746,-2370.25634765625,240.34,112439,449857,9.693451151573797e-05,30,1876,,,
,,1.4578984064428369e-06,88.66511535644531,,-2458.991455078125,,112474,450000,9.693451151573797e-05,,,200.4,0.2,394.5192024
1082.7183582,0.04,1.4578984064428369e-06,34845.11328125,14796,-2358.449951171875,240.34,112689,450857,9.693451151573797e-05,30,1880,,,
1125.2780347199996,0.02,1.4578984064428369e-06,68.86526489257812,14843,-2417.447265625,245.12,112939,451857,9.693451151573797e-05,30,1884,,,
1146.92573175,0.02,1.4578984064428369e-06,87.98655700683594,14889,-2492.6044921875,245.12,113189,452857,9.693451151573797e-05,30,1888,,,
1169.5480683399999,0.02,1.4578984064428369e-06,110.34674072265625,14936,-2348.19873046875,245.12,113439,453857,9.693451151573797e-05,30,1892,,,
1140.5728792099999,0.03,1.4578984064428369e-06,108.36558532714844,14972,-2408.3564453125,242.65,113627,454610,9.693451151573797e-05,30,1896,,,
1114.16091936,0.03,1.4578984064428369e-06,37746.41796875,15024,-2462.0078125,242.65,113877,455610,9.693451151573797e-05,30,1900,,,
1115.47442067,0.03,1.4578984064428369e-06,197.60272216796875,15067,-2417.607421875,242.73,114067,456372,9.693451151573797e-05,30,1904,,,
1145.67185003,0.04,1.4578984064428369e-06,88.02066040039062,15109,-2466.0478515625,240.45,114260,457144,9.693451151573797e-05,30,1908,,,
1177.8961136099997,0.04,1.4578984064428369e-06,95.56706237792969,15178,-2302.86328125,240.45,114510,458144,9.693451151573797e-05,30,1912,,,
1153.49919351,0.04,1.4578984064428369e-06,101.34300231933594,15250,-2364.482666015625,240.45,114760,459144,9.693451151573797e-05,30,1916,,,
1145.38062207,0.04,1.4578984064428369e-06,69.11247253417969,15313,-2477.97900390625,240.45,115010,460144,9.693451151573797e-05,30,1920,,,
1176.1972159800002,0.05,1.4578984064428369e-06,107.47781372070312,15360,-2419.611572265625,237.98,115199,460897,9.693451151573797e-05,30,1924,,,
1182.4470266399999,0.05,1.4578984064428369e-06,60.0347900390625,15420,-2535.390869140625,237.98,115449,461897,9.693451151573797e-05,29,1928,,,
1186.82068091,0.05,1.4578984064428369e-06,68.76260375976562,15490,-2343.179443359375,237.98,115699,462897,9.693451151573797e-05,29,1932,,,
1189.2698672000001,0.05,1.4578984064428369e-06,82.47050476074219,15549,-2470.39697265625,237.98,115949,463897,9.693451151573797e-05,29,1936,,,
1177.6114603099998,0.06,1.4578984064428369e-06,70.62554931640625,15592,-2542.799560546875,235.49,116136,464648,9.693451151573797e-05,29,1940,,,
1163.15598295,0.06,1.4578984064428369e-06,88.26573181152344,15652,-2348.611083984375,235.49,116386,465648,9.693451151573797e-05,29,1944,,,
1131.9601259799997,0.06,1.4578984064428369e-06,108.48637390136719,15713,-2416.89404296875,235.49,116636,466648,9.693451151573797e-05,29,1948,,,
1117.8572479099998,0.06,1.4578984064428369e-06,62.99400329589844,15777,-2450.756103515625,235.49,116886,467648,9.693451151573797e-05,29,1952,,,
1126.3248390400001,0.06,1.4578984064428369e-06,93.53691101074219,15842,-2560.00830078125,235.49,117136,468648,9.693451151573797e-05,29,1956,,,
1114.23474167,0.06,1.4578984064428369e-06,95.30557250976562,15907,-2409.09619140625,235.49,117386,469648,9.693451151573797e-05,29,1960,,,
1071.95052024,0.06,1.4578984064428369e-06,92.00401306152344,15970,-2504.390380859375,235.49,117636,470648,9.693451151573797e-05,29,1964,,,
1088.95196759,0.07,1.4578984064428369e-06,79.94744873046875,16017,-2618.736328125,233.39,117834,471438,9.693451151573797e-05,29,1968,,,
1087.67894443,0.07,1.4578984064428369e-06,77.76554870605469,16075,-2532.702392578125,233.39,118084,472438,9.693451151573797e-05,29,1972,,,
1097.14587029,0.06,1.4578984064428369e-06,102.20344543457031,16134,-2507.064453125,235.81,118334,473438,9.693451151573797e-05,29,1976,,,
1098.11121805,0.06,1.4578984064428369e-06,107.92476654052734,16193,-2464.102294921875,235.81,118584,474438,9.693451151573797e-05,29,1980,,,
1069.7576075900001,0.06,1.4578984064428369e-06,81.43661499023438,16254,-2510.8740234375,235.81,118834,475438,9.693451151573797e-05,29,1984,,,
1042.90862982,0.06,1.4578984064428369e-06,76.60404968261719,16315,-2549.417724609375,235.81,119084,476438,9.693451151573797e-05,29,1988,,,
1051.9906907399998,0.06,1.4578984064428369e-06,87.37925720214844,16376,-2524.133544921875,235.81,119334,477438,9.693451151573797e-05,29,1992,,,
1060.5423196899999,0.05,1.4578984064428369e-06,51.41423034667969,16438,-2559.0966796875,238.28,119584,478438,9.693451151573797e-05,29,1996,,,
1079.96715827,0.05,1.4578984064428369e-06,63.76350402832031,16502,-2551.539306640625,238.28,119834,479438,9.693451151573797e-05,29,2000,,,
1068.72846261,0.04,1.4578984064428369e-06,75.83779907226562,16568,-2487.728759765625,240.66,120084,480438,9.693451151573797e-05,28,2004,,,
1035.54535715,0.04,1.4578984064428369e-06,84.16374206542969,16622,-2461.024169921875,240.66,120277,481210,9.693451151573797e-05,28,2008,,,
1001.9724428700001,0.04,1.4578984064428369e-06,91.14602661132812,16690,-2585.289794921875,240.66,120527,482210,9.693451151573797e-05,28,2012,,,
1007.5206143600001,0.04,1.4578984064428369e-06,89.8362808227539,16757,-2562.525390625,240.66,120777,483210,9.693451151573797e-05,28,2016,,,
1034.97220922,0.04,1.4578984064428369e-06,50.744503021240234,16820,-2492.181396484375,240.66,121027,484210,9.693451151573797e-05,28,2020,,,
1010.5109312599999,0.03,1.4578984064428369e-06,80.47191619873047,16879,-2439.906494140625,243.13,121277,485210,9.693451151573797e-05,28,2024,,,
1029.1814155799998,0.03,1.4578984064428369e-06,92.80897521972656,16939,-2420.850830078125,243.13,121527,486210,9.693451151573797e-05,28,2028,,,
1067.3384177199998,0.03,1.4578984064428369e-06,60.414276123046875,17000,-2618.47998046875,243.13,121777,487210,9.693451151573797e-05,28,2032,,,
1050.9894907200003,0.03,1.4578984064428369e-06,73.13146209716797,17061,-2423.604736328125,243.13,122027,488210,9.693451151573797e-05,28,2036,,,
1089.78984282,0.02,1.4578984064428369e-06,64.75576782226562,17124,-2569.4287109375,245.62,122277,489210,9.693451151573797e-05,28,2040,,,
1103.8170409800002,0.02,1.4578984064428369e-06,66.87760925292969,17195,-2553.614501953125,245.62,122527,490210,9.693451151573797e-05,28,2044,,,
1114.08228355,0.03,1.4578984064428369e-06,67.34278869628906,17247,-2509.435546875,243.17,122716,490965,9.693451151573797e-05,28,2048,,,
1136.50116223,0.03,1.4578984064428369e-06,73.33055114746094,17308,-2607.752685546875,243.17,122966,491965,9.693451151573797e-05,28,2052,,,
1110.63860038,0.03,1.4578984064428369e-06,60.470062255859375,17373,-2560.1142578125,243.17,123216,492965,9.693451151573797e-05,28,2056,,,
1092.6210559100002,0.03,1.4578984064428369e-06,54.17800521850586,17437,-2505.51220703125,243.17,123466,493965,9.693451151573797e-05,28,2060,,,
1086.87942473,0.03,1.4578984064428369e-06,92.15444946289062,17502,-2598.80322265625,243.17,123716,494965,9.693451151573797e-05,28,2064,,,
1110.56147287,0.02,1.4578984064428369e-06,95.73153686523438,17569,-2513.39208984375,245.27,123966,495965,9.693451151573797e-05,28,2068,,,
1147.279278,0.02,1.4578984064428369e-06,71.93539428710938,17637,-2480.83251953125,245.27,124216,496965,9.693451151573797e-05,28,2072,,,
1164.22900572,0.02,1.4578984064428369e-06,75.68852233886719,17705,-2674.270751953125,245.27,124466,497965,9.693451151573797e-05,28,2076,,,
1157.6071556000002,0.02,1.4578984064428369e-06,80.26933288574219,17771,-2585.44287109375,245.27,124716,498965,9.693451151573797e-05,28,2080,,,
1131.71993235,0.03,1.4578984064428369e-06,78.64481353759766,17823,-2431.520751953125,242.84,124905,499722,9.693451151573797e-05,28,2084,,,
,,1.4578984064428369e-06,62.370338439941406,,-2560.291259765625,,124974,500000,9.693451151573797e-05,,,250.0,0.0,1640.5713948
