#{"t_start": 1750409713.441222, "env_id": "None"}
r,l,t
-284.146399,250,12.435828---71.809311,250,24.679566-80.432113,250,36.171099-1--130.476583,250,48.19-14--83.857022,250,60.95435-1--133.799399,250,72.7508-11--112.690728,250,84.3500--1-99.584484,250,98.67056-9--85.879502,250,111.19711-16-143.436688,250,123.97361-11-130.363748,250,134.428001
-187.658677,250,145.025458
-81.790962,250,151.485967
-43.930112,250,161.818341
-156.776746,250,172.519491
24.80425,6,172.552547-8-148.934269,250,183.22797-9--48.880653,250,193.44969-66-94.849524,250,203.76302-74-53.568608,250,214.1830-86-111.327252,250,225.175176
-103.977979,250,235.817038
-167.797769,250,246.423974
-114.923517,250,256.409017
26.387938,7,256.96126-6--99.194423,250,266.92831-1--136.150401,250,278.49165--8-95.373539,250,297.59842-10-97.138228,250,308.643137-8-101.318476,250,319.26537-80-47.816126,250,329.22711-43-39.670433,250,341.59697-53-52.150928,250,352.71555-66-38.237084,250,363.20084-70-95.326975,250,373.78264-8-45.487866,250,383.829093-122.413699,250,389.926604
-150.090466,250,400.406854
15.214708,56,403.357827
-64.273073,250,414.324918
-102.310555,250,424.860514
21.819871,37,426.309-117.-113.493578,250,436.838-109.-12.563439-66.602238,-91.863878,250,4-75.516697,-52.117448,250,4-163.247348-53.955177,250,46-92.902301-61.762233,250,480.147514
-52.675849,250,490.373463
25.507473,11,491.025759-1-60.985569,250,501.449376--78.040939,250,511.085279-20.256682,22,512.-74.6243-65.825692,250,522.-68.8823-75.947304,250,533.-54.2024-66-110.035512,250,-103.441-68.985149,250,553.2-70.278181,250,568.495057
-65.005319,250,578.758455
-84.986406,250,589.323448
-50.326843,250,599.321646
-68.485944,250,610.114171
-59.665967,250,620.729028
-104.010795,250,630.684659
-102.130807,250,641.371633
-80.548126,250,651.873582
-77.817146,250,661.883929
-74.758691,250,672.799011
-67.148631,250,682.306246
-46.304664,250,693.417794
15.209363,67,697.179442
-51.805492,250,708.626068
-28.601992,250,718.566953
-118.755662,250,729.306442
-47.805329,250,739.807346
-4.304761,171,746.579843
-117.451886,250,758.386043
25.392708,1,758.420525
-64.207016,250,769.011013
21.369736,28,769.771497
-59.65057,250,780.409699
5.802044,153,786.917497
-14.822063,217,795.576199
0.973485,165,802.728882
-45.174706,250,812.70108
25.934794,12,813.3072
-35.433381,250,824.046521
-71.644135,250,841.855608
-46.377644,250,852.614172
-62.917843,250,862.6329
11.447608,113,867.187252
-84.8876,250,878.015432
-38.627536,250,888.293836
-43.916216,250,898.646206
-6.084222,192,906.944711
25.803494,5,907.640846
-68.303816,250,917.606981
-43.707878,250,928.103112
12.391633,113,932.3731
-35.483066,250,943.153032
-59.385417,250,953.247757
-35.483022,250,963.792966
-145.343724,250,974.194602
-46.167078,250,984.727062
-49.147393,250,996.187177
-49.660666,250,1006.887344
11.437455,79,1010.664722
-57.28546,250,1021.869567
-2.922201,215,1031.439563
-7.230169,193,1039.443733
-58.82272,250,1050.086406
10.25316,123,1055.375574
24.690636,29,1056.966456
11.495742,125,1061.797961
-33.282691,250,1072.038604
-36.081384,174,1079.452211
-70.848537,250,1089.749916
-1.318037,173,1096.890318
-6.845175,195,1112.59168
-0.472224,76,1115.832164
-49.416237,250,1127.396815
-42.836487,250,1137.612225
21.418328,49,1140.320268
12.985957,72,1142.812773
-49.063188,250,1153.523191
-25.955595,250,1163.577645
24.01139,28,1164.864817
-43.663631,250,1176.093313
6.933365,181,1183.82387
6.700369,133,1189.166752
26.94058,22,1190.37975
-70.589256,250,1200.467831
24.893858,2,1200.510503
-52.24657,153,1207.717741
-12.210882,185,1215.600264
16.181402,95,1219.06828
10.419276,99,1223.682282
6.324673,86,1226.917206
-115.273865,250,1237.713409
-43.257242,250,1247.752665
-176.454905,250,1258.223937
-78.891309,250,1269.13461
16.82847,104,1273.243437
0.820238,245,1283.183805
19.704345,64,1285.748754
-29.376875,250,1297.004133
-52.815348,250,1308.582468
-255.397562,250,1319.1893
-43.630728,250,1330.767371
-7.914987,241,1340.601851
5.412774,112,1345.435008
-26.692196,250,1356.050116
-164.698849,250,1365.892955
7.518141,162,1372.679405
16.176758,112,1384.048257
-65.68704,250,1395.143731
-49.621018,250,1406.020049
-34.542341,250,1415.965139
-78.789296,250,1426.697563
-37.673852,250,1436.760858
-23.256259,250,1447.38079
9.024744,165,1454.08624
-25.761943,161,1460.693094
16.644144,62,1463.4235
-25.965826,129,1468.749828
-29.221272,250,1479.567611
-79.653279,179,1486.557874
-39.321943,250,1497.100414
-10.62984,172,1504.344655
-100.561477,250,1514.602781
-87.944648,250,1525.16604
-31.819437,250,1535.240629
-123.303158,250,1545.942879
-92.724324,250,1556.393595
-141.544834,250,1566.428647
15.710891,86,1570.665602
26.044889,40,1571.889012
-8.956412,98,1576.000492
-32.749668,250,1586.502736
-30.841651,250,1597.826233
-12.532316,230,1608.204279
8.768624,86,1612.478028
9.494951,145,1618.882675
-27.11679,250,1629.729774
23.217089,67,1632.307618
-22.739297,117,1637.141836
19.283388,50,1639.84041
-25.298459,183,1651.651869
-36.337524,250,1662.474304
-22.155576,250,1672.323319
-48.52314,250,1682.948411
-31.650344,250,1693.903356
-35.626948,250,1703.954925
-68.293782,250,1714.442361
6.541968,70,1717.091622
22.65175,57,1719.972064
14.637887,78,1723.336082
-39.609716,178,1730.57792
9.90229,143,1736.646598
-205.824187,250,1746.813008
-24.467497,250,1757.566138
12.781755,170,1764.800958
-19.790105,250,1774.774388
-28.225386,124,1780.43889
27.810986,30,1781.620162
19.546786,68,1784.355984
21.77751,48,1786.318598
-24.583322,250,1796.986385
26.184234,15,1797.610777
13.059941,65,1800.154715
20.941329,55,1802.281947
-58.811816,130,1807.662876
-12.019429,63,1810.311377
-208.738287,250,1820.872987
-108.956145,250,1830.936944
17.015964,113,1835.664113
20.930805,77,1838.893333
-99.310464,250,1849.926003
17.2186,60,1852.644058
22.172969,65,1855.181989
-21.577354,250,1865.163206
-26.159268,250,1875.919097
-128.815653,250,1886.606376
-18.282158,88,1889.81294
-43.296542,250,1902.170337
-316.937904,250,1919.556045
-40.360147,247,1930.812304
23.954096,80,1934.105571
22.323899,49,1936.044506
25.255984,3,1936.066123
-4.460391,181,1943.622294
-62.238509,191,1951.431085
9.188373,198,1960.280123
26.699825,33,1961.685706
-21.074369,250,1971.85528
9.717558,225,1980.920962
25.590431,52,1983.595865
-174.663502,250,1993.858261
18.85314,45,1995.791882
12.675867,150,2002.325151
-154.794401,250,2013.087346
-35.185674,250,2023.789229
-9.326937,191,2032.410659
-21.758991,250,2042.53043
27.945138,19,2043.474589
-25.249719,250,2054.163601
19.254969,57,2056.885735
7.02396,140,2062.258986
23.189332,52,2064.751482
25.824062,18,2065.706542
13.506321,88,2069.019987
24.534925,62,2071.872539
25.755213,48,2073.782604
25.509253,34,2075.682717
26.792883,34,2077.460944
22.91255,66,2081.023489
18.526357,107,2085.113001
14.487185,55,2087.931838
28.674115,16,2088.694844
-93.252355,250,2099.032961
16.411165,61,2101.742021
12.957393,61,2104.249441
-26.981983,250,2115.876746
-24.619339,250,2125.705566
20.632254,57,2128.467385
26.910193,13,2129.031519
25.674325,32,2130.362815
-59.26537,155,2136.490894
-69.737444,250,2147.273391
-26.880468,80,2150.797767
24.541885,21,2151.444665
-98.752909,250,2162.083408
-119.419269,250,2172.480804
4.334063,137,2178.450477
25.375702,45,2180.359635
-26.640453,250,2196.305402
-188.531333,250,2208.034009
27.491426,37,2209.474561
18.471232,118,2217.780252
15.498538,71,2220.459122
-17.335494,250,2232.53154
-24.845787,250,2242.660619
-28.706775,250,2253.283276
-74.978504,250,2264.16002
-21.296975,173,2270.945744
26.287235,36,2273.019971
-12.50706,250,2282.900172
-196.80735,250,2293.807425
-0.614248,51,2295.928312
27.537423,15,2296.595751
20.411497,44,2298.459022
18.129035,17,2299.158844
-122.247744,250,2309.814189
28.870247,16,2310.457045
-160.173918,250,2320.573045
-138.873817,250,2331.43541
12.0109,161,2338.056305
-25.402181,250,2348.179359
-13.200163,250,2359.036664
-26.550139,250,2369.742553
17.736674,74,2372.388476
-24.761313,250,2383.336069
23.575351,64,2385.920768
20.795785,113,2390.600639
5.055871,166,2397.156278
0.405814,79,2400.785001
-20.154838,250,2411.659046
26.936832,20,2412.369154
18.957703,81,2415.877633
28.756511,12,2416.477851
-28.2296,250,2427.118949
26.2262,25,2427.764165
29.414.04217,148,2430.989113
27.691899,26,2432.45186.431297,191,2438.445503
-41.564246,250,2448.740351
-18.292633,250,2459.681189
-56.732632,250,2475.906495
22.082561,59,2478.164152
-105.270888,250,2488.855715
25.287734,42,2490.801093
26.572416,22,2491.754229
-23.16055,250,2505.529763
-48.344792,250,2516.954953
29.75081,23,2518.254104
-19.158719,106,2522.05632
20.6.137621,239,2523.0609110.-161.78513,236,2533.719152
26.085188,59,2536.503314
19.929739,75,2540.064586
-60.897467,250,2551.187986
28.861945,10,2551.851694
11.612869,79,2555.448066
-22.099325,134,2560.897403
15.43023,150,2567.76502
26.785112,51,2569.766939
23.220725,60,2571.7829
8.089926,220,2581.258771
-2.015143,151,2587.790442
27.949719,23,2588.515388
-25.231202,250,2599.432415
9.524511,133,2605.144574
-99.661901,250,2615.983068
23.799228,93,2620.110339
-1.869957,136,2626.509071
-8.851664,69,2629.288168
-21.407445,250,2640.089705
-43.177602,250,2650.731424
25.608085,23,2651.582409
28.744752,28,2652.824852
-22.416941,250,2663.113558
21.111752,98,2666.977268
27.590625,36,2669.008505
20.497884,31,2670.434195
26.976728,21,2671.074479
25.710483,50,2673.224359
-57.18661,250,2684.569165
14.848682,157,2691.366606
23.212861,61,2693.431732
20.63669,56,2696.105976
19.442933,109,2701.04940-2321.65813,99,2704.94551
-37.672576,250,2715.358356
29.337621,16,2716.083326
27.150755,12,2716.698705
1-28.371399,250,2724.7463242726.949503,19,2725.41126919.219996,127,2730.150295
19.474903,49,2732.07171
-22.40893,250,2748.549039
9.156726,224,2757.801833
5.700773,46,2759.933959
-17.312356,250,2770.613553
0.892773,66,2773.460519
-72.489374,250,2784.216935
10.719565,240,2795.181243
-7.691279,143,2802.516119
28.799827,17,2803.181366
25.641775,38,2804.712725
-53.643525,189,2813.946715
30.472346,15,2814.781594
30.803917,13,2815.425802
-17.527949,250,2825.563086
-47.807547,250,2836.108497
26.976744,22,2836.711776
24.693109,3,2836.766065
0.137831,59,2839.482916
-42.995725,250,2850.181855
24.355975,54,2852.163254
19.51961,80,2855.779271
26.680212,14,2856.401969
-3.635045,105,2860.986746
26.589384,27,2861.753257
16.917003,99,2865.591842
-21.782248,98,2870.245761
-5.45207,199,2878.414829
-25.19461,250,2889.033349
-21.793014,250,2899.110227
26.087009,5,2899.980242
-94.176845,250,2909.940163
-95.759061,250,2920.790517
-5.270602,64,2923.89126
27.499674,16,2924.507443
-40.537613,250,2934.721141
-1.679262,48,2936.792617
20.788018,57,2939.811393
14.388576,86,2943.114151
21.836594,76,2946.673424
29.00669,16,2947.299073
29.998107,19,2947.963438
24.604834,62,2950.757544
26.232397,13,2951.424439
29.76194,18,2952.026539
27.415263,6,2952.093942
-42.747757,250,2962.86779
27.611115,9,2963.486074
29.693589,31,2964.791761
19.70376,55,2967.131001
-124.179066,250,2978.445901
22.022201,56,2980.444525
-23.434361,250,2991.311713
27.076605,30,2992.612613
12.241583,90,2995.997884
21.255968,66,2998.519083
-23.335364,250,3010.76935
26.433862,37,3012.246854
27.01903,6,3012.941283
29.86527,31,3019.282389
28.884962,31,3020.761786
23.701577,79,3024.113518
0.135979,37,3025.524718
-4.058291,77,3028.945066
24.088814,56,3030.999217
9.480273,37,3032.471444
-89.251093,250,3044.111813
28.31461,20,3044.876784
7.317977,119,3050.655654
29.140026,27,3051.390176
30.023679,16,3052.023441
27.266334,11,3052.788965
-218.108027,250,3064.431072
8.217472,133,3069.799783
27.622471,15,3070.437304
24.027903,42,3072.311878
22.809564,45,3073.71704
27.555481,30,3075.26504
-21.474216,122,3080.673724
-107.733775,250,3092.033094
27.847426,26,3092.841744
29.377468,20,3093.633996
30.908694,19,3094.818326
25.408861,30,3096.386559
29.498259,24,3097.167181
26.29469,14,3097.822723
-84.871385,250,3109.536758
18.525654,44,3111.375728
21.959844,107,3116.613568
28.262133,28,3117.816993
20.151162,87,3121.191442
29.409782,24,3122.599604
30.104439,17,3123.294464
-72.003187,250,3133.941872
21.137605,105,3138.503655
2.461411,47,3140.575447
27.174412,39,3141.86772
25.813133,55,3144.655115
28.609231,38,3146.182066
-260.492426,250,3157.282775
24.092647,87,3160.657593
18.043377,77,3164.390893
28.155552,25,3165.770569
20.269191,54,3168.424015
23.078745,65,3171.015054
30.597875,17,3171.662569
28.589302,23,3172.313958
27.035838,16,3173.272804
-160.732868,250,3184.017145
29.778268,15,3184.733238
-51.29012,250,3195.445906
18.109033,44,3197.19476
17.127593,31,3198.385776
26.424483,3,3198.990699
-9.303018,83,3202.41458
26.761592,36,3203.698251
19.600144,23,3204.481775
25.231806,52,3207.923787
29.092838,49,3209.923293
-23.317088,250,3220.411764
12.516929,64,3222.854253
21.770276,88,3227.027624
14.884367,44,3229.045271
30.183974,14,3229.124796
28.720572,33,3231.193884
24.838605,27,3231.888985
27.688248,26,3233.190081
8.113371,55,3235.4-202.5716.453177,86,3239.747891
18.041853,50,3241.9650-93.229299,250,3248.826723
-2.312824,90,3253.67062
22.739464,129,3259.247203
-139.764259,250,3269.863039
29.771605,16,3270.614938
26.117111,2,3270.63027
14.120632,60,3272.73793
26.486703,33,3274.263673
29.007856,26,3275.625791
25.817308,62,3278.24019
25.376387,40,3279.802052
20.251202,124,3285.552255
28.675413,11,3286.22297
25.115712,28,3287.579357
27.846013,25,3288.25161
4.75194,177,3298.225414
11.752367,48,3300.365171
21.29789,101,3304.764477
29.418354,32,3306.210485
10.216685,48,3308.357219
-216.644249,250,3318.606292
26.462583,10,3319.359009
26.846639,36,3320.864545
-49.911598,250,3331.567104
-22.786607,90,3335.291767
-12.780123,250,3346.467799
-18.171207,105,3351.123574
27.919084,37,3352.507757
10.836252,26,3353.236517
28.737248,16,3353.874263
-27.103055,98,3358.66179
26.91431,56,3360.659574
8.787994,71,3364.07839
29.506325,8,3364.164082
13.149252,56,3366.716294
25.203261,39,3368.378951
-41.738449,250,3379.197495
22.341929,46,3380.606135
-87.711168,155,3387.16562
25.639422,27,3388.559773
-305.103392,250,3400.626939
-46.500971,97,3405.461819
25.883596,20,3406.551854
26.842463,35,3408.099581
10.358649,161,3415.432362
27.09661,22,3416.147184
23.646696,51,3418.987868
25.238383,46,3420.397289
-172.012835,250,3431.376404
-78.468314,130,3437.141905
29.731139,20,3437.860137
-21.618999,250,3448.696917
-18.563461,250,3459.427936
-154.411,250,3470.522052
-5.349048,81,3473.899578
23.33422,37,3475.897527
-22.462566,159,3482.775892
-32.753601,126,3488.281533
24.441945,66,3490.849983
-260.807391,250,3502.064505
30.901189,12,3502.83161
27.304923,20,3503.508244
28.896448,25,3504.798153
26.702042,27,3506.079921
12.231908,209,3514.80822
-158.60611,250,3525.145236
29.175565,15,3525.865105
26.612134,17,3526.530963
-76.391309,250,3536.979244
28.5318,44,3538.942455
27.135252,17,3539.635975
23.555624,45,3541.176087
-254.099953,250,3552.214372
27.090161,7,3552.766495
29.919242,22,3553.447427
28.035184,23,3554.239934
-20.207092,250,3565.155223
-12.750958,180,3576.15535
26.741935,3,3576.174675
30.036373,15,3576.877872
-12.924656,150,3583.646967
29.302056,26,3584.380157
28.132952,11,3585.10964
22.285004,114,3589.894431
28.938437,9,3590.504804
28.807503,19,3591.274662
26.424263,58,3594.091953
31.639933,12,3594.200004
26.805834,23,3595.494623
30.210969,26,3596.261321
27.876016,26,3597.588111
28.131018,45,3599.553148
30.207922,25,3600.303289
27.208395,24,3601.601081
27.834631,11,3602.415827
27.21096,29,3603.255309
17.994411,170,3610.493369
28.96547,31,3612.013066
17.057668,157,3618.892134
29.041238,24,3619.690033
18.672905,54,3622.268164
12.330343,27,3622.970372
29.443961,8,3623.635992
20.722971,21,3624.289784
6.236454,68,3627.206743
30.669467,14,3627.850174
29.969018,18,3628.584813
31.375008,12,3629.222319
26.964017,46,3631.681696
30.639809,19,3632.596179
30.145502,12,3633.348476
29.251503,16,3634.090573
28.229643,23,3634.819987
20.33741,25,3636.150028
26.581187,37,3637.492841
29.672884,20,3638.210685
7.30172,42,3640.130565
8.426236,26,3641.454502
21.341798,65,3644.230022
24.091234,26,3644.966286
-48.950959,250,3655.986148
28.83226,12,3656.678041
19.518643,76,3660.090219
-294.000149,250,3671.696395
-36.676388,250,3683.67137
27.460677,30,3684.932382
27.531736,21,3685.725149
28.496218,18,3686.416008
30.82327,14,3687.201102
30.828686,21,3687.922011
-216.83932,250,3699.945737
28.816066,21,3700.681753
27.224445,25,3702.128755
30.85994,11,3702.26196
29.417182,29,3703.887548
-0.443533,47,3706.120803
-19.139557,250,3718.681111
29.449297,11,3719.328107
31.481057,17,3720.011204
-14.217013,250,3730.330985
29.552248,12,3730.914073
21.494312,91,3734.986808
25.520626,2,3735.021079
28.838403,18,3735.693029
23.175496,41,3737.357854
28.703196,48,3739.378125
11.004809,36,3741.290333
19.88175,104,3745.424814
10.142837,46,3747.554041
20.559691,44,3749.38136
24.032966,20,3750.088568
27.413839,9,3750.81961
27.43485,15,3751.611805
26.734354,14,3751.727338
4.612112,76,3755.07386
26.623897,19,3755.874254
6.645387,75,3759.429795
28.081397,22,3760.144726
30.339592,23,3761.416675
28.701385,21,3762.130748
30.125699,21,3763.631768
27.315772,45,3764.994009
-17.304117,250,3775.967468
-0.047131,51,3778.121566
24.414334,37,3779.753412
-3.724119,60,3782.394068
27.723551,31,3783.700768
27.843193,8,3784.368209
-3.039244,71,3787.293501
23.226922,57,3789.996928
-55.831225,194,3798.455302
-13.71421,250,3808.69507
-23.682677,250,3820.063787
-65.177611,250,3831.11241
25.649749,45,3832.471869
31.216901,16,3833.19989
30.119336,12,3833.807046
21.588332,34,3835.087687
-0.085172,113,3839.818652
27.815072,31,3841.533801
27.062171,18,3842.289395
27.871398,7,3842.981135
28.365,15,3843.76453
-233.77539,250,3856.645239
27.382641,22,3858.384322
29.0196,14,3859.06377
18.321703,132,3864.623736
28.84102,12,3865.218286
30.217942,16,3865.901834
31.209033,12,3866.005922
19.338531,18,3867.214146
19.155723,88,3871.465343
29.378885,24,3872.717543
30.561375,18,3873.407651
27.334707,32,3875.157605
29.929168,13,3875.81515
31.281537,14,3875.956737
27.985264,7,3876.600013
29.456229,15,3877.242318
25.890903,34,3878.697933
26.277403,38,3880.635001
-15.14215,250,3892.079725
8.256485,43,3894.137541
22.799643,40,3895.645837
-175.799434,250,3906.984059
27.80489,34,3908.376696
26.198112,7,3908.455978
20.691354,153,3915.536459
-195.874454,250,3926.258173
18.432767,41,3928.264195
24.083205,14,3929.066087
28.068357,20,3929.783947
20.369739,23,3931.058815
-38.201395,214,3940.743591
30.73021,9,3941.390649
26.206959,21,3942.097019
27.385831,32,3943.507662
-89.960089,250,3956.013527
-114.922192,250,3966.645235
23.296537,39,3969.088593
29.431349,10,3969.154823
30.163725,21,3969.913267
23.479554,34,3971.774094
26.456672,15,3972.426793
28.446256,52,3974.634203
25.595404,31,3976.084568
28.020553,7,3976.135769
-16.825142,78,3979.743237
24.190608,30,3981.149977
29.456107,20,3981.818205
24.107244,32,3983.151135
31.857136,10,3983.820088
28.5871,13,3984.474356
27.433462,27,3985.160148
29.880613,15,3986.027868
28.677294,21,3987.231446
16.526681,39,3988.637806
27.710566,11,3989.292195
28.724254,17,3989.964207
27.563297,27,3990.853688
27.715315,28,3992.368102
28.976424,8,3992.945855
-25.476622,250,4002.967711
29.417646,19,4003.871353
9.881898,83,4007.820894
-4.737071,56,4009.896524
27.722458,5,4009.931152
17.678069,212,4019.421088
28.120226,39,4020.702761
-81.168991,250,4031.456125
-7.356885,229,4041.548162
26.010925,21,4042.575662
9.216356,39,4044.380514
19.071217,115,4049.107161
29.554491,31,4050.475261
29.33391,8,4050.562479
5.426157,92,4055.040204
-203.90456,250,4067.181965
30.474898,14,4067.879016
24.454506,38,4069.599051
-87.566699,250,4080.379087
14.103859,43,4082.059492
31.217581,16,4082.674683
28.584368,10,4083.477293
27.858752,23,4084.233627
27.029622,12,4084.861535
26.647799,35,4086.254256
27.179777,49,4088.19579
28.462034,13,4088.900228
23.213052,25,4090.108654
27.930449,41,4091.524333
26.053362,15,4092.144605
-11.985032,49,4094.144024
29.944568,16,4094.94205
27.80046,31,4096.330004
27.735386,28,4097.63806
16.162167,22,4098.356797
-28.201759,250,4109.145236
-141.020061,250,4120.003716
28.876117,42,4121.372848
29.115723,10,4122.036064
30.163733,20,4122.72347
29.785337,20,4123.391875
30.439639,10,4123.955991
27.33329,17,4124.852498
30.341237,16,4125.471607
30.236878,22,4126.756302
31.061056,15,4130.049449
30.750828,18,4131.193341
-223.169405,250,4141.454293
24.968861,5,4142.082875
27.476472,25,4142.820651
16.939874,65,4145.522212
18.232618,160,4152.016242
29.51297,13,4152.734548
29.434916,11,4153.362924
28.359667,18,4154.205929
27.585291,23,4155.133258
27.342904,27,4156.360048
16.036187,42,4158.532439
28.698169,12,4158.643266
29.741143,12,4159.31889
8.872494,34,4160.689244
20.773894,40,4162.607732
28.978638,9,4162.71689
-24.671085,69,4165.904547
27.535902,20,4166.702356
28.100223,22,4167.536506
31.036384,14,4168.212305
26.406043,48,4170.111539
-30.169973,73,4173.249458
18.764047,105,4177.278306
25.978046,34,4178.881669
25.79914,23,4180.05333
-13.391491,131,4185.397711
-0.498768,46,4187.424055
18.197071,87,4191.386374
17.592071,80,4195.282279
14.389911,26,4196.5634
30.974665,19,4197.318824
29.203197,16,4197.95471
25.66833,18,4198.801727
30.377334,18,4199.400606
-12.325621,47,4201.568584
-106.777132,250,4212.793661
18.518992,35,4214.092371
26.445843,45,4216.064138
-0.413928,44,4218.106605
31.125116,11,4218.187064
13.693048,70,4221.577575
28.430493,28,4222.42518
-220.164841,250,4233.624811
28.765987,21,4234.261397
27.449047,37,4236.172354
29.441323,20,4237.131014
25.583905,15,4237.77886
28.185188,23,4238.463636
27.95853,7,4239.074877
25.039032,25,4239.822564
30.485309,18,4240.479392
26.819104,27,4241.665995
27.788492,20,4242.79661
28.197259,33,4244.065573
24.469705,20,4245.345175
-122.723406,250,4255.66011
27.516924,12,4256.331842
22.540832,18,4257.038002
29.618853,14,4257.628374
24.007848,102,4261.607118
28.822651,20,4262.709338
28.323354,25,4263.732342
30.219772,19,4264.461153
26.612863,37,4266.478517
28.295479,25,4267.206952
25.122324,31,4268.627921
18.0498,119,4274.111075
28.451129,20,4274.840415
28.181625,25,4275.584279
17.11936,47,4277.613138
29.638161,19,4279.274719
-19.812732,250,4289.440415
19.657629,35,4291.063742
27.878249,26,4292.668451
18.484216,28,4294.200922
26.123557,19,4294.958224
24.381596,45,4297.312732
30.629931,16,4298.00656
-9.042054,61,4301.005614
29.942725,18,4301.744663
28.181434,11,4302.002254
30.484926,17,4302.710016
27.17808,24,4304.004413
17.735985,41,4306.232549
30.1315,7,4306.353669
-19.029545,110,4314.414811
28.070587,7,4314.466755
26.239764,15,4315.179591
18.822305,108,4320.001366
25.647628,20,4320.645628
-163.598953,250,4332.000028
28.661226,13,4332.606233
19.707702,67,4335.409599
30.196016,21,4336.082252
13.137921,37,4337.508303
30.559999,16,4338.118344
13.781254,51,4340.949689
24.644169,29,4341.789121
-39.77087,250,4353.389508
28.899758,26,4354.779066
30.4772,16,4355.469073
29.390368,22,4356.261238
-24.161403,250,4367.619511
22.335629,91,4371.243416
28.891731,20,4372.463762
27.915937,29,4373.249233
28.460133,23,4374.421775
26.184944,19,4375.397091
25.771259,45,4377.425383
27.45242,8,4377.520615
18.465046,25,4378.820715
4.827959,79,4382.125173
27.310623,24,4382.756406
28.137928,26,4384.108027
-18.652126,90,4388.330749
30.247312,18,4389.061083
27.414214,12,4389.666553
30.457299,24,4390.374759
29.245528,15,4391.104986
25.364486,34,4392.432224
28.814377,20,4393.087649
28.293917,18,4393.827169
18.061198,178,4401.966259
29.686977,11,4402.062328
27.246658,26,4403.329874
29.349948,23,4404.255731
29.758307,18,4404.99727
29.193242,18,4409.017288
30.660454,14,4409.141064
-11.022563,50,4411.960297
26.962269,3,4412.012923
30.249664,17,4412.651412
22.712741,53,4414.737318
23.030972,81,4418.270018
7.272289,47,4420.530021
-258.83918,250,4431.637655
5.925497,29,4432.971482
28.87253,17,4433.612186
28.127752,28,4434.352544
25.239649,2,4434.992371
-16.181083,250,4445.06374
25.437037,11,4445.728428
22.737817,30,4447.010819
22.083771,69,4449.598963
29.761554,10,4450.29336
26.747714,17,4451.050327
25.7817,1,4451.083658
29.419398,13,4451.691693
24.810347,1,4451.702694
23.59314,8,4451.784919
28.63374,10,4452.427015
-19.321686,250,4462.792532
28.735508,28,4464.13517
27.156757,31,4465.617151
30.519711,26,4466.838188
29.112656,10,4466.925628
5.001233,36,4468.730524
29.164144,34,4470.202727
26.242107,14,4470.873209
30.288552,23,4471.575113
28.243073,14,4472.204223
10.50757,32,4473.672082
8.084903,176,4481.2786
27.730731,29,4482.544038
29.629502,27,4483.247215
-9.232815,250,4494.465442
28.501044,61,4496.957684
18.212123,47,4498.802791
26.375639,15,4499.544762
-197.068792,250,4510.219187
28.529853,34,4511.522378
27.57231,34,4513.526685
25.001727,40,4514.99431
28.81321,22,4515.830384
-11.506718,250,4526.564803
26.234743,68,4529.438292
29.396174,17,4530.142009
27.106247,40,4532.101067
25.701024,26,4533.93418
26.192238,32,4535.641128
6.380943,73,4538.476357
8.41795,80,4541.978634
28.570361,7,4542.566695
13.868761,29,4543.345714
30.558083,10,4543.892563
17.903524,32,4545.4705
23.370023,107,4549.614525
20.997887,56,4551.573179
11.417101,89,4556.594199
25.043553,56,4559.386399
-226.895028,250,4573.509331
-42.01195,250,4588.500249
28.994958,13,4589.322464
28.115586,7,4590.270222
25.545763,28,4591.5853
29.486047,13,4592.653435
28.237649,23,4594.784559
-8.23629,105,4601.232619
18.704842,47,4603.927124
17.218679,51,4606.967382
29.070117,21,4608.744288
27.149457,28,4609.782974
27.614212,28,4611.656482
29.447922,22,4613.654997
31.818008,11,4613.832558
4.406833,80,4619.191412
-18.257516,49,4621.785822
28.400135,26,4623.478855
30.84155,17,4624.36552
21.490211,28,4626.041281
27.672816,14,4626.929223
-214.979869,250,4638.487738
27.454421,35,4639.811154
24.421403,28,4641.013629
16.137722,146,4646.80183
-1.831386,47,4648.763537
27.091702,14,4649.436623
28.253279,7,4650.030211
21.717303,97,4653.877019
27.795993,18,4654.640133
-13.891681,80,4657.545165
26.670984,21,4658.16855
26.192909,51,4659.878371
30.306531,20,4661.009916
24.923621,98,4664.320385
22.420132,34,4665.531506
16.420443,185,4671.819687
28.873054,27,4672.984775
-337.107815,250,4682.182209
-14.969816,250,4690.975768
16.606675,87,4696.163999
29.937565,17,4696.81214
23.223912,28,4698.007346
31.204373,16,4698.645522
-8.786919,47,4699.893403
28.016909,55,4702.05697
28.064631,15,4702.654213
-280.83335,250,4711.758602
29.102826,24,4712.918596
27.797219,13,4713.429611
-203.41026,250,4721.898094
-115.637877,250,4730.861837
28.666702,12,4731.418645
7.077031,80,4734.189412
27.853301,25,4734.847602
13.98664,28,4735.862901
25.52932,31,4736.964331
27.551775,25,4738.511593
29.552372,14,4738.643499
23.506857,71,4741.491469
25.350974,30,4742.650799
28.698014,29,4743.755112
26.475296,11,4743.826686
27.136614,12,4744.467824
26.162375,13,4745.092892
28.905929,30,4746.474612
29.621206,18,4747.205001
24.950572,9,4747.263693
29.087617,21,4748.514505
28.765911,17,4749.120434
29.412765,20,4749.794645
16.614148,242,4758.208728
20.003665,179,4764.499589
26.858153,13,4765.086397
16.06609,92,4768.340405
29.628314,20,4768.91337
25.42761,2,4768.945939
-16.204404,250,4778.236305
16.044103,230,4785.978758
29.12476,10,4786.496212
7.134226,207,4794.581295
29.883122,14,4795.138798
29.960333,14,4795.687214
29.427449,18,4796.22164
25.170474,15,4796.772599
28.478604,23,4797.417697
29.486783,18,4797.978786
28.754335,11,4798.476408
28.564194,24,4799.094864
28.268935,14,4799.693524
27.186697,8,4800.226535
30.536662,21,4800.827006
17.151409,112,4804.768501
-61.414004,250,4813.555527
28.905349,20,4814.128255
26.296031,39,4815.351298
24.997807,16,4815.920042
19.686185,39,4817.498149
29.186954,18,4818.169325
-143.296299,250,4827.402201
28.970067,33,4828.708973
20.772238,143,4833.913309
27.857532,10,4834.004138
27.789295,15,4834.605036
27.762564,14,4835.181915
26.581416,23,4835.855482
-24.597099,250,4844.669875
30.903455,13,4845.32468
25.911628,11,4845.801616
19.163699,148,4850.8067
22.979086,12,4851.292218
27.204963,8,4851.361674
27.592222,24,4852.569719
2.730635,180,4858.634978
21.763703,55,4860.406214
23.635207,34,4861.451038
30.463238,13,4862.037106
28.580853,34,4863.179425
-16.700677,250,4872.133186
27.952168,12,4872.685092
12.278998,66,4874.927166
-22.696579,250,4883.161114
25.586375,21,4884.246587
12.950799,115,4888.242008
16.796867,49,4889.913614
-6.393562,54,4891.887978
28.869203,7,4892.581484
28.146462,9,4892.691431
14.233523,34,4894.369988
17.320282,32,4895.694898
-40.396531,250,4904.197897
29.531906,10,4904.781258
29.212787,16,4905.428754
8.535016,47,4907.395719
28.148821,21,4908.139337
26.125518,15,4908.788142
26.349204,12,4909.414644
25.186649,49,4911.438659
28.401986,10,4911.498593
23.870757,119,4916.397517
30.738677,14,4916.950154
28.027434,22,4917.677408
19.183042,36,4918.903891
21.419122,35,4922.688976
28.618338,22,4923.368794
29.27793,6,4923.43274
20.949055,17,4924.08525
-52.547833,250,4933.470823
16.637605,37,4934.525226
25.583561,29,4935.62689
30.132833,22,4936.195432
29.838241,17,4937.24194
10.243876,38,4938.425084
28.137898,31,4939.58867
23.340972,22,4940.292455
24.939138,19,4940.908267
26.193717,27,4941.95129
27.303446,31,4943.181861
30.56883,10,4943.775579
31.461204,16,4944.332677
28.385469,43,4945.79067
22.198669,78,4948.755715
27.229654,58,4950.929426
30.463624,8,4950.965991
27.566515,51,4953.239794
29.424398,13,4953.356244
-11.6689,250,4962.434637
-14.929039,78,4965.342377
27.425721,64,4967.732301
30.220442,18,4968.252046
30.820132,8,4968.326296
25.6714,36,4969.937216
26.970391,14,4970.464666
15.475859,40,4971.54692
26.455124,9,4972.054591
26.007542,24,4972.784376
29.301548,8,4973.343363
27.971952,17,4973.926071
23.943993,94,4977.219749
28.372879,13,4977.306884
29.547465,7,4977.83983
-142.43508,250,4986.505283
-21.319034,250,4995.498286
28.240782,19,4996.031291
-28.29303,217,5004.028832
19.089512,30,5005.225304
31.180111,15,5005.74761
17.135418,13,5005.843641
29.44149,53,5008.072268
24.685054,20,5008.600704
31.195613,17,5009.167876
22.423828,75,5011.805453
-218.495002,250,5020.762365
31.658206,12,5021.278418
27.915577,11,5021.770699
16.502595,54,5023.455019
27.337829,24,5024.543585
-14.659095,250,5033.65965
23.1154,32,5034.952719
3.351807,68,5037.550176
27.591636,4,5037.593749
31.047663,20,5038.188828
31.058324,12,5038.740703
29.028886,24,5039.35538
28.266899,23,5040.441286
16.718132,21,5041.012825
30.429143,18,5041.551575
28.659774,14,5042.116206
26.568778,24,5043.17125
24.426275,39,5044.250251
23.069303,98,5047.824313
27.748837,22,5048.859904
27.200039,39,5050.089262
28.474895,16,5050.628599
28.682258,27,5051.657748
27.93012,21,5052.323361
27.297266,32,5053.486458
28.889365,21,5054.112429
30.090053,10,5054.727896
30.127109,30,5055.82583
25.302114,18,5056.37723
25.61046,31,5057.5911
-26.536246,250,5066.61116
13.569034,37,5068.287413
18.655277,161,5074.102952
28.647425,15,5074.657069
31.571578,13,5075.271517
28.516524,12,5075.363015
28.22674,24,5076.494885
23.75626,60,5078.760706
29.21244,8,5078.846817
-15.470336,250,5087.836401
26.917578,20,5088.414279
22.12629,23,5088.971811
26.227887,23,5090.082305
29.281315,27,5091.146501
22.675981,27,5091.821255
-20.377157,250,5101.554763
26.232625,6,5101.612588
10.941546,40,5103.257815
-15.33976,250,5111.865368
21.339187,48,5113.620366
29.17197,20,5114.635637
28.088938,14,5114.727536
24.061394,33,5116.403406
-21.04443,250,5125.287641
28.585555,16,5125.817645
26.402733,27,5126.920906
-48.125906,250,5135.406732
31.262056,16,5136.064146
29.779318,29,5137.3123
-194.704506,250,5146.143433
29.645,15,5146.695676
25.124188,39,5149.722343
-12.275681,58,5152.090451
29.017669,29,5153.369988
29.692243,14,5153.947877
30.102826,23,5154.569146
26.051632,21,5155.238694
27.788901,31,5156.321913
28.446227,13,5156.857178
-19.329659,250,5166.160721
25.981857,14,5166.668262
25.254223,57,5168.40503
24.269512,37,5169.519765
26.780047,26,5170.671849
-204.524481,250,5179.693144
29.103719,22,5180.363118
27.796088,23,5181.38025
29.42515,9,5181.454705
25.390038,19,5181.996892
24.030053,31,5183.161652
29.099307,21,5184.270362
31.0943,14,5184.364565
27.552391,25,5185.51195
-13.442669,250,5195.645478
17.385314,39,5196.990476
30.452844,15,5197.674152
31.255786,15,5198.404702
29.407522,19,5199.145028
15.992576,25,5200.492157
28.808375,27,5201.325779
29.388123,13,5201.909249
25.078077,108,5205.88529
29.184331,23,5206.58377
24.61544,18,5207.216971
28.983321,41,5209.234675
29.023147,26,5210.625069
28.195175,23,5211.476759
31.135848,16,5212.059759
-76.59654,250,5221.348811
29.812341,16,5221.861437
29.883501,14,5222.411575
30.279441,16,5222.964225
27.136137,15,5223.590181
25.562441,27,5224.241929
30.205477,17,5224.782215
26.603417,36,5226.506763
28.548673,24,5227.101012
28.23058,18,5227.658291
31.898194,14,5228.266098
25.757482,32,5229.414446
29.615934,17,5230.003543
28.542603,10,5230.58404
-12.177542,250,5239.773233
24.803561,59,5241.925272
29.735481,15,5242.450831
31.850731,12,5242.962111
28.748108,23,5243.693429
24.758718,32,5244.982874
24.409096,54,5247.50909
29.16784,24,5248.094784
26.446577,31,5249.277037
7.857094,46,5250.969391
24.96018,24,5251.61571
28.495141,18,5252.181577
31.089071,9,5252.692747
3.203539,58,5254.951183
20.520026,19,5255.590889
29.654527,42,5256.830854
13.801494,32,5257.852295
27.459551,4,5258.508447
-68.106304,250,5266.894474
26.713361,13,5267.418509
26.845687,21,5267.927345
-9.752962,250,5277.642284
25.353259,3,5277.694541
29.77428,17,5278.299724
24.547484,31,5279.52402
26.338344,33,5280.661972
18.555082,30,5281.826741
30.048495,17,5282.390705
28.690377,21,5283.40025
28.542651,9,5283.453166
29.462925,17,5284.057752
28.438209,26,5285.014033
26.839651,27,5286.337885
-65.806393,250,5294.719105
30.370855,14,5295.230455
-31.945275,250,5304.494973
25.795037,55,5306.263464
29.352931,16,5306.842185
30.355073,15,5307.320799
10.739332,36,5308.414471
-19.075216,250,5317.919385
25.482739,15,5318.475883
30.838766,14,5319.060709
29.86013,20,5319.638864
30.338104,21,5320.186499
24.868103,43,5321.830514
26.168769,30,5322.964342
24.145751,21,5323.591837
26.343204,3,5323.710045
17.752632,30,5324.943614
25.410742,28,5325.986584
28.20177,22,5326.67712
27.261572,18,5327.194947
30.756916,16,5327.745822
-23.206833,250,5337.240864
30.657709,18,5337.914729
29.076116,18,5338.520391
-23.37322,250,5347.485101
29.41552,13,5348.016317
28.264378,17,5348.539964
28.971937,9,5348.60518
28.424799,24,5349.764765
31.461284,14,5350.266603
30.227351,20,5350.827192
29.540453,25,5352.056888
28.295914,24,5352.648842
12.733476,37,5353.770011
6.483485,35,5355.310129
26.051423,13,5355.388046
24.303829,26,5356.483527
28.315127,17,5357.06471
27.129678,20,5357.676236
29.916549,14,5358.204616
26.563889,8,5358.739843
26.646609,23,5359.434451
30.175993,15,5360.031832
28.791516,1-306.920824,250,5362.179869
30.309544,17,5362.780446
30.847158,2615.359822,40,5-30.809161,250,5372.679847
29.251661,15,5373.229354
.529903
20.404067,30,5367.633063
15.639801,27,5368.22354
28.34115,36,5369.861756
15.019258,32,5370.87606
7.221112,62,5373.124336
16.748663,26,5373.763719
29.05993,18,5374.411912
27.749209,34,5375.565884
-9.427836,250,5361.40168
0.360203,40,5363.452157
28.812059,22,5364.186708
27.810248,51,5365.933928
29.857464,9,5366.483294
28.646432,27,5367.12851
-12.682319,250,5376.082136
62,15,5363.500871
28.793089,20,5364.260263
6.992101,44,5365.918665
30.138447,28,5367.081993
21.49102,124,5371.449063
27.062773,41,5372.631805
30.48899,17,5373.190109
24.16558,32,5374.388609
29.792477,17,5374.955348
20.971091,39,5376.810287
21.917224,26,5377.400615
29.42996,32,5379.917435

-7.792758,250,5357.654114
30.33722,20,5358.243194
28.555223,22,5359.381714
28.742067,15,5359.982282
21.877969,34,5361.353346
31.073488,10,5361.476168
30.13875,17,5362.231654
28.108693,16,5362.959574
27.603704,29,5364.278455
30.1699,19,5364.876976
28.41723,22,5365.932652
23.884996,43,5367.593074
29.1-15.97725,250,5370.3-7.254947,250,5376.895543
22.544585,15,5377.422867
28.414084,24,5378.422094
27.570586,9,5379.925721
8156
29.75463,13,5374.349463
27.270902,23,5374.939053
29.148765,12,5375.50542
24.418705,28,5376.156233
25.752742,27,5377.387305
0245,17,5334.259728
23.2598,38,5335.973225
29.145417,29,5337.162037
24.712932,30,5337.96048
-33.304614,250,5346.933308
27.836418,17,5347.497037
26.766018,46,5349.186415
1.010257,62,5351.51477
24.095437,29,5352.581846
30.166776,13,5353.12415
27.678486,28,5353.738172
25.981069,4,5354.264264
26.283213,36,5355.309386
28.695392,11,5355.381044
12.404182,39,5357.015089
29.705778,21,5357.638235
30.229256,20,5358.223221
25.111969,29,5359.44873
28.26174,15,5360.029174
29.456839,16,5360.611093
26.844506,26,5362.10928
28.365495,18,5362.741164
-44.795071,250,5372.052808
27.147462,16,5372.555105
30.354119,19,5373.136354
