#{"t_start": 1750246573.089246, "env_id": "None"}
r,l,t
-175.357206,250,12.756952
-126.858413,250,24.809513---116.423467,250,38.24575-1--193.800898,250,50.02693-1--195.228643,250,62.3863--136.231361,250,74.705772-1-167.838086,250,89.91198-11-166.891149,250,102.3182-1-1-208.577827,250,114.5709-1-1-84.354132,250,127.22474-1--60.870915,250,139.255859-1-95.4766,250,151.622901
-178.31323,250,165.997452
-130.19313,250,179.104833
-85.000598,250,195.242532
-117.809308,250,210.515657
-81.311302,250,223.696999
-111.319348,250,236.809335
-170.390929,250,250.205285
-82.673609,250,264.443272
21-90.356865,250,268.477-85.6-47.578795,250,283.288-123.-61.55005,250,296.32822-17-79.877294,250,309.47771--95.826959,250,322.087658
-66.978819,250,341.652734--84.411122,250,355.519777--133.115386,250,369.6414-102-80.512801,250,383.3014-159-100.857401,250,396.553891
0.491284,116,402.7346-32.-86.375758,250,417.9096-72.-64.945473,250,432.1582-96.-79.877834,250,445.9228-56.-77.309439,250,458.8944-111-71.558543,250,472.84330-54.292405,250,479.569398
-113.532009,250,493.989936
-85.760591,250,505.663107-8-67.57954,250,518.82144
-96.109222,250,532.078908
25.870213,7,532.37185
25.5-155.994627,250,543-97.449385,250,546.685838
-78.489093,250,560.304339
-124.599879,250,573.323346
-42.233164,250,586.153178
-33.960309,250,599.549726
-105.081775,250,612.984378
-56.746656,250,627.038584
-75.436955,250,639.814845
22.4-64.978838,250,646.77-74.96-79.663275,250,659.-42.631533,250,668.309966
-47.011342,250,689.119245
-41.766245,250,701.908643
-50.289599,250,714.732844
-41.34759,250,727.529412
-48.512037,250,740.959341
-16.372912,211,753.111809
-51.265643,250,765.699697
20.823263,38,767.521861
20.354305,42,769.819807
17.851536,77,773.756497
18.315526,24,775.009309
-44.535413,250,789.116383
2.193035,94,794.133401
-79.228246,250,807.748489
1.4-81.074168,250,820.441-65.0-65.57512,250,832.931-68.7-59.991587,250,845.654-50.2-79.971891,250,858.875-48.4-4.11609,211,869.5966-12.-55.96572,250,882.43246-43.655921,250,891.498465
-64.421837,250,905.119252
-73.131812,250,918.076394
-48.904048,250,932.226526
-72.149557,250,944.991579
-135.78632,250,957.994791
-62.379665,250,970.617235
-11.061306,145,978.174959
-3.142136,245,994.028816
11.990814,71,997.773339
-103.450909,250,1010.56173
-95.500114,250,1029.172748
-131.876955,250,1042.833785
-43.826946,250,1056.423436
-49.339017,250,1069.409251
17.009498,29,1070.846365
-78.028296,250,1084.523635
-51.703838,250,1098.712626
-90.867391,250,1111.436666
-32.796953,250,1124.495436
-50.367122,250,1137.207272
-55.981708,250,1150.445565
26.357241,10,1151.117118
23.684875,38,1153.444068
-56.236895,250,1167.502599
-64.05694,250,1181.760288
-36.758952,250,1195.092974
-77.490475,250,1208.744961
24.241942,21,1209.770211
-50.544962,250,1222.511146
20.746968,44,1224.905281
-1.422742,160,1232.776809
2.610114,195,1242.770981
-38.796414,250,1255.395165
-36.505508,250,1268.658177
-39.488202,250,1281.997036
24.437181,37,1285.098065
8.273115,90,1290.035426
7.000909,122,1296.694
-28.168175,154,1308.357179
26.065727,21,1309.411787
-2.392967,106,1315.662776
-37.177923,250,1328.441814
8.996106,60,1331.-109.571-4.751049,213,1342.453709
-57.836069,250,1355.336406
-9.537754,183,1370.484771
-52.824061,250,1384.118346
-27.156525,170,1393.616425
-2.916505,98,1398.84869
-35.506849,250,1411.423174
-14.080418,168,1420.186673
18.516571,57,1422.-43.9816-67.286956,250,1436.-6.9483-35.058718,250,1449.-65.0822-2.776542,136,1456.12.33898-38.106879,250,1470.735135
-30.52097,250,1483.704597
25.863288,27,1485.228521
25.845438,31,1486.743855
-90.764312,250,1499.564273
20.222115,69,1503.-29.0168-115.724961,250,1516-74.621882,250,1519.162423
-85.176953,250,1532.237952
15.20810.055452,-67.552571,250,1545.214548
-62.816413,250,1558.386918
18.082657,87,1562.870561
26.261016,8,1563.458765
-1.966733,135,15-23.768238,7.096796,157,1578-31.764117,250,1-21.312863,26.003613,130,159-126.08945-29.646211,250,1608-39.34786-41.923063,250,1621-32.779436,250,1629.316768
23.8314-5.569465,186,1632.-28.150561,250,1643.956032
-37.653865,250,1658.101139
10.70784,79,1662.335329
-80.256471,250,1675.141896
-32.815855,250,1688.825332
27.2-205.22146,250,1693.414.698016.897381,51,1701.8-58.894693,250,1715.367416
-148.33151,250,1729.126358
-31.488829,250,1742.993359
-67.047687,166,1752.371824
-44.930109,250,1765.470034
17.619798,68,1768.819795
-1.07454,230,1780.800365
-35.370164,250,1793.870551
-60.920706,250,1807.677638
-234.839126,250,1820.763597
24.693561,45,1823.000959
2-82.500764,250,1830.962235--72.803285,250,1846.839008
-23.306158,115,1855.23080-108.026616,250,1861.7947
2.-118.8481,250,1872.85814.2013.046231,113,1878.7683.390-60.149093,250,1894.-88.1418-37.333559,250,1908.-29.274296,250,1914.385583
-54.91-57.457582,250,1923.80-236.8-21.078249,250,1936.795-206.708933,250,1949.003344
-133.433243,250,1961.963069
-31.77886,250,1975.584439
25.115604,38,1977.760426
-98.950644,229,1989.614669
-89.770699,250,2002.542599
14.815587,94,2007.509831
-17.408486,126,2013.965884
-127.543763,250,2027.338236
7.7472,100,2032.379513
-51.930509,250,2049.734761
-84.039916,250,2062.521179
21.547764,84,2067.423458
-31.250014,250,2081.923963
-22.18041,90,2086.646397
-94.147338,250,2100.109967
-71.024599,250,2113.10659
-89.453587,250,2126.061163
26.240039,14,2127.09393
24.173446,42,2129.223292
-19.311251,110,2134.862969
-30.054343,250,2147.602798
-138.237738,250,2160.595573
-52.034468,250,2174.474899
-23.624166,150,2182.919321
24.837843,37,2184.812109
18.145372,74,2188.866892
17.151395,63,2192.342688
-65.710429,234,2206.668696
-34.995253,250,2222.863029
15.239146,143,2230.91796
21.254205,66,2234.410787
-26.155249,250,2247.617198
-61.43705,250,2261.736276
-25.406551,250,2275.570007
-93.100695,250,2289.919088
6.044379,114,2295.86721
-31.084963,250,2308.797874
-20.600343,250,2322.685597
-25.986329,250,2336.982623
7.654069,168,2346.018383
-28.626652,250,2359.09966
-23.125241,168,2368.135768
-93.114603,218,2379.368262
-70.648026,250,2396.965552
23.230371,87,2402.793641
-24.471153,250,2416.169518
11.174129,211,2427.273318
24.32866,51,2429.719833
28.145599,26,2431.127822
21.32936,50,2433.931
-27.395395,250,2446.798563
11.155281,182,2455.957947
16.509628,162,2464.344365
25.859742,33,2466.188636
23.13158,36,2468.00982
27.979012,17,2468.824767
26.118374,55,2471.767774
-60.94874,250,2486.044868
-17.156759,250,2501.203383
12.712429,118,2507.913667
27.225505,22,2509.143404
-127.092036,250,2522.22555
14.543437,41,2524.257999
-55.518839,250,2536.981035
24.774941,30,2538.423712
20.862366,84,2542.830892
-76.729254,250,2556.021431
9.475731,199,2567.503029
25.57542,30,2569.168315
-16.962361,250,2582.602968
4.081116,120,2589.537293
-35.42132,250,2603.125325
26.210491,38,2605.140855
13.782479,149,2613.208696
7.466832,217,2624.768999
23.852796,39,2626.80946
-9.568312,83,2631.07961
-19.850629,250,2644.856279
-6.128412,94,2649.977507
-5.059862,95,2654.876852
28.066783,18,2655.6904
-21.262646,119,2662.699321
-71.744092,250,2675.498104
23.025363,53,2678.049721
22.010392,95,2683.084127
-46.671034,250,2696.024671
-30.38946,250,2709.228178
16.511116,59,2712.479754
-32.646367,250,2725.643157
-36.922235,89,2735.24856
-21.151873,250,2748.419401
25.457417,43,2750.737236
-47.196933,70,2754.944393
-19.85286,250,2768.254651
10.913991,138,2775.276928
-25.050471,123,2782.240139
-47.194222,250,2795.813328
23.7319,52,2799.421392
28.391232,22,2800.720169
26.409288,29,2802.885175
-16.469386,220,2814.723325
-20.179409,250,2827.580393
-18.486509,250,2841.321668
-26.654024,250,2855.044035
-33.538185,187,2867.020632
-3.145149,198,2877.515178
24.061004,109,2885.585392
28.241692,19,2886.770874
27.92022,11,2887.338192
-57.649302,110,2893.704362
-36.058274,167,2902.57276
-22.364801,250,2915.203601
27.236533,12,2915.888726
21.231621,39,2917.703047
28.875921,22,2918.840567
19.001428,158,2927.126766
26.176526,43,2929.441294
26.910298,34,2931.481393
26.90447,15,2932.246727
26.726916,42,2934.912411
24.550677,13,2937.145041
28.76781,13,2937.729043
27.238888,40,2939.672431
14.024394,48,2942.079052
-31.279283,250,2954.431658
24.236999,29,2955.989385
28.406921,33,2957.867702
26.513779,59,2960.736846
23.578412,71,2964.127975
25.82579,77,2968.052031
25.75756,24,2969.145789
-51.537991,250,2983.688172
24.567242,59,2986.55379
-18.482812,250,2999.991775
28.635765,15,3000.877841
-8.881689,250,3013.800758
-4.886013,111,3019.260283
22.734221,70,3022.827017
-18.966782,250,3035.208825
27.28359,23,3036.197288
20.004455,25,3037.425257
27.91946719.459432,28,3038-25.616425,250,3050.904276
28.372487,20,3051.95115
24.91042-28.372208,250,3057.096484
25.654722,49,3059.7542423-15.873284,96,3064.571324
-23.43571,76,3068.595393
27.962626,30,3070.155836148.121676,235,3088.042729
-30.100587,250,3100.821114
-59.183535,250,3116.994883
18.287962,96,3121.654593
-6.205059,76,3125.421343
27.020308,25,3126.503106
24.44093,35-107.00796,250-135.390766,250,3141.071046
17.20738,90,3145.532506
26.785904,44,3147.687911
0.793892,92,3152.213217
23.564516,38,3154.026759
25.276709,52,3-18.154747,250,3159.75573
-20.205773,250,3173.431704
29.693227,21,3174.485171
28.374663,24,3175.578169
26.153067,32,3177.395728
28.2007-188.412075,250,318-27.444146,250,3191.786526
28.2367-86.468397,250,319227.132322-13.349722,250,32-115.320656-31.488772,250,3217.761835
16.653527,146,3224.925758
28.392488,48,3227.551239
-22.701393,165,3238.046448
-20.961457,250,3252.508061
-21.163839,250,3264.884084
24.261254,51,3267.545997
15.910005,83,3271.887289
25.705777,41,3273.75685
23.223981,31,3275.293299
8.220771,86,3279.496522
-13.241863,250,3291.861423
28.402193,26,3293.462639
26.207928,4,3293.657474
28.315242,51,3296.216-19.978911,250,3301.119.89-19.680241,250,3313.423681
13.684101,68,3317.183619
29.60733,29,3319.094665
-229.430207,250,3331.444096
20.613591,66,3334.891-31.9-14.279895,250,3347.84024.1-66.600675,141,3355.131112
14.517827,54,3357.71-18.460506-22.142607,250,3367.561685
28.859943,19,3368.42545
21.649928,39,3370.35862
29.236416,32,3372-18.99570-9.72802,222,3384.227.928120.97915,27,3385.78-14.31-216.926261,250,3398.2-47.492-59.857125,178,3413.8.659756,183,3418.46946
11.192886,140,3425.421029
-33.100059,250,3438.519698
-143.971693,250,3451.080937
6.018823,1-27.048524,250,3461.943051
-5.037264,80,3465.863796
-16.096407,250,3478.544404
28.303513,22,3479.551273
24.671391,30,3480.975668
-58.151421,250,3493.206209
23.674372,18,3494.338433
-51.982761,250,3507.375946
27.699901,47,3509.815196
26.753707,24,3511.208878
27.403137,25,3512.373063
-22.56389,250,3524.964007
-36.62731,250,3537.876284
29.05722,16,3538.928349
9.574491,86,3542.922827
-18.584678,134,3550.692232
-169.540788,250,3563.477298
22.260747,32,3565.144368
-48.112597,250,3577.375527
15.592901,180,3586.716529
29.85681,22,3587.766171
15.397591,34,3589.608428
-19.242622,250,3602.27813
30.921899,20,3603.191149
-29.95661,250,3615.643577
-99.178433,250,3628.236037
24.930497,66,3631.527303
28.175851,34,3633.251879
-15.361171,250,3647.425928
-76.699709,250,3660.648556
30.532804,17,3661.440738
26.222516,46,3663.923033
-150.455066,250,3676.4639
27.281329,22,3677.551751
-6.461214,48,3680.153783
-7.912731,64,3683.90096
-21.653594,250,3696.790339
-25.381671,250,3710.207864
11.281844,176,3719.960853
14.512481,69,3723.350174
22.23913,100,3728.306309
27.898798,22,3729.296866
-25.744514,250,3745.141386
7.047785,36,3747.315209
30.552654,18,3748.269903
28.169592,21,3749.223436
26.96305,70,3752.793499
-42.332854,250,3765.61721
30.469655,13,3766.298587
-21.293322,250,3778.761924
29.151708,21,3780.041152
27.558857,39,3781.884493
-27.031114,250,3795.133061
28.817206,30,3797.045863
28.195878,29,3798.451403
-4.310657,72,3802.023509
24.916235,25,3803.226192
0.649823,114,3809.066066
25.64092,63,3811.965839
8.242291,57,3814.948206
-29.030873,250,3828.5622
7.465739,207,3839.26098
-19.473071,250,3852.197978
-76.757066,197,3861.770136
19.580818,39,3863.975596
27.96844,34,3865.508734
29.906878,15,3866.279358
-27.966984,250,3879.315979
-111.386754,250,3892.12962
-42.212552,170,3901.650276
26.546516,33,3903.583818
22.322137,8,3904.004259
30.250765,18,3905.273836
16.894629,27,3906.923543
26.687494,33,3908.977703
29.528543,24,3910.336103
15.119772,26,3911.757443
-4.689937,201,3922.393331
-28.173878,250,3936.065444
30.919584,20,3936.997778
19.382831,88,3941.410239
19.867682,37,3943.363513
-7.676135,88,3949.037586
2.196289,61-13.402662,250,3959.819593
-19.447059,250,3973.469699
28.250151,12,3974.152932
-37.379969,250,3987.871363
27.207983,23,3989.119225
24.193659,120,3995.280922
-36.383118,250,4009.540543
0.652097,109,4015.009049
12.386076,34,4020.130404
-34.004979,250,4034.340576
21.300219,66,4037.948869
12.023334,47,4040.261411
28.60446,17,4041.120226
-13.982664,250,4053.710724
30.171455,19,4054.92781
-38.717992,250,4067.82584
24.474697,25,4069.026127
26.661279,31,4073.812893
24.428538,68,4077.279997
8.691719,43,4079.59946
28.851214,21,4080.574927
-49.28426,158,4088.557898
-35.487138,250,4101.244778
20.72746,85,4105.823091
29.097622,16,4106.899794
29.053716,29,4108.709885
28.108988,18,4109.716793
4.375042,48,4112.525264
-4.891672,78,4116.295404
19.491529,118,4122.377918
-36.94907,197,4132.890039
28.370556,31,4134.450296
30.156008,19,4135.375504
26.905702,5,4135.725192
-30.964763,100,4141.308567
24.026296,40,4143.656654
16.459197,138,4152.125809
27.86142,33,4153.617162
28.694216,34,4155.666936
2.31441,50,4158.497834
26.870267,40,4161.198351
-15.348003,250,4174.356892
29.585387,18,4175.301216
29.997816,19,4176.444551
22.020929,95,4182.164395
28.451302,27,4183.897
21.203339,109,4190.976401
25.537563,86,4197.798918
29.886348,22,4198.981548
-18.426483,250,4212.191877
-21.746385,250,4225.007757
-14.259157,250,4237.493621
-81.555527,250,4250.265921
27.574225,8,4250.620758
27.840071,20,4251.849341
29.691022,32,4253.371471
30.367648,24,4254.742732
-40.969029,250,4269.929538
2.053517,122,4276.277186
-268.642993,250,4290.61569
7.511027,50,4292.953582
-3.310415,105,4298.528543
27.55828,19,4299.467763
-9.02181,63,4302.622978
30.503565,17,4303.479301
28.40276,22,4304.618508
25.978159,18,4305.585461
-40.98373,250,4319.568283
26.603372,27,4321.074628
24.845564,22,4322.182648
18.30029,114,4327.855-38.160599,250,4335.359971
28.585425,45,4337.765375
-66.008165,250,4350.253232
-29.691877,250,4362.705638
18.277292,149,4370.51684
11.174325,55,4373.100655
27.354021,35,4374.71295
28.377012,37,4376.578284
27.53016,22,4377.714068
24.901683,40,4379.542005
22.146946,84,4383.929436
30.52181,16,4384.714746
28.3-25.010811,250,4395.5-14.399426,250,4399.552888
-30.399793,250,4415.678287
22.400885,37,4417.455429
15.285798,75,4421.422652
25.082814,13,4422.005778
31.34938,14,4422.677283
-38.724657,250,4436.438551
21.75217,15,4437.509724
25.145138,32,4439.257509
13.111566,25,4440.436207
22.364053,89,4445.07507
30.572913,13,4445.706064
23.122818,33,4447.401571
-24.028147,250,4460.28911
26.473445,63,4463.224621
-48.532252,105,4468.43769
27.068602,48,4471.460479
-3.405745,64,4474.76168
23.977091,44,4477.19635
-12.838671,250,4490.121016
28.274884,26,4491.402422
29.575891,36,4493.415019
23.041603,97,4498.722086
19.425881,39,4500.598742
22.028357,35,4502.258838
-58.747168,250,4515.734588
18.44295,112,4521.675072
-38.791552,250,4534.48263
28.843366,16,4535.647029
26.569435,7,4536.110751
-15.522635,250,4548.93426
30.524516,19,4550.011081
29.104296,34,4551.669352
31.020166,15,4552.676975
16.004855,111,4558.676864
23.863536,67,4562.175338
-22.698278,250,4576.040182
11.134875,192,4586.61075
25.269409,18,4587.583437
26.936975,31,4589.082386
26.662212,54,4591.677121
22.541049,61,4594.622268
30.486671,16,4595.661314
4.308579,47,4598.155676
26.790809,21,4599.313029
-13.840753,250,4612.959312
28.503687,17,4613.999386
25.027993,66,4617.995075
28.864404,18,4619.02488
-21.79254,250,4632.142003
16.870657,57,4635.944508
25.160305,11,4636.470383
19.615163,74,4640.686654
26.472661,31,4642.466297
30.386436,14,4643.185174
27.207911,32,4645.144973
-100.468307,250,4658.402899
-30.096478,250,4672.086656
6.230531,141,4679.153781
18.336279,119,4685.23206
28.796886,27,4686.596996
-12.746845,134,4694.604515
27.271982,23,4696.178768
27.912385,14,4697.052553
27.089214,75,4700.90348
-22.959679,250,4713.303805
31.448688,15,4714.089553
28.534199,17,4714.890547
-26.581086,250,4727.979619
28.739255,29,4729.38114
-43.201784,250,4742.80848
26.040484,7,4743.21118
23.474183,87,4750.539287
18.260405,43,4752.921107
-3.271557,46,4755.23903
29.385416,19,4756.26861
-28.692017,250,4769.175532
20.552458,30,4770.63809
27.092388,8,4771.024865
-208.58941,250,4784.752935
27.512364,18,4785.908868
12.383049,48,4788.541191
27.946115,43,4791.323027
27.809362,15,4792.105665
22.516037,83,4796.662255
30.331702,15,4797.64561
22.343777,61,4800.503625
31.79722,14,4802.08228
29.448569,15,4803.063786
-35.473103,250,4816.396603
29.056382,22,4817.714823
26.51861,13,4818.361752
29.864573,24,4819.550609
27.745666,9,4819.988644
7.344847,69,4823.366505
14.478289,37,4825.315953
13.793342,59,4828.19111
-5.642537,59,4831.864686
22.448049,31,4833.377198
23.674935,65,4836.812687
2.738556,56,4839-16.177724.131532,39,4841.379231
30.683411,13,4842.24-25.526214,250,4853.459066
12.522312,54,4856.307733
31.371225.821035,31,4857.7-16.110949,250,4869.635423
27.348002,28,4870.987625
23.713979,28,4872.369857
18.528455,36,4874.076963
30.799157,31,4876.093577
31.12612,13,4876.683422
23.6-154.651409,250,4878.3-10.739-19.878471,250,4893.030.294323.108131,28,4895.29.593898,71,4899.034045
21.741915,30,4900.691299
25.5222-19.300025,250,4-24.81433,250,4915.288873
29.437933,1-123.640715,250,4930.714085
-14.41049,250,4943.539198
0.997973,36,4945.369902
21.687975,15,4946.033209
28.846018,23,4947.063866
25.768174,39,4949.377128
-12.790553,250,4961.78101
-33.75932,250,4974.427631
27.580868,67,4978.000168
-17.067388,250,4991.551334
29.761075,21,4992.520103
29.646205,29,4994.212343
-19.968841,250,5007.40786
25.062691,58,5010.60174
-19.018767,250,5023.754797
-27.754382,250,5037.020908
26.933097,22,5038.381131
28.407047,7,5038.695111
27.38469,21,5039.667921
28.876841,19,5040.677324
27.104009,38,5042.429611
-110.96401,250,5055.164242
19.410535,40,5057.597872
30.637957,21,5058.707247
-20.896583,250,5072.683407
29.858049,34,5074.482231
27.673151,16,5075.199939
30.881874,18,5075.997257
27.060475,19,5076.942064
11.085556,205,5091.112725
26.339714,20,5092.206098
20.468554,23,5093.309188
-23.714504,250,5106.087592
-15.344919,250,5119.053546
-30.040225,250,5132.248741
21.711214,18,5133.323502
29.450224,25,5134.461133
21.347372,31,5136.377329
28.052011,9,5136.828575
28.419902,51,5139.381302
23.584085,45,5141.587634
30.081211,30,5143.07588
25.961965,8,5143.513245
-33.518057,250,5157.90454
26.936393,9,5158.433964
27.64473,54,5161.292598
27.983128,27,5162.559968
21.684034,33,5164.115343
29.344766,23,5165.224717
24.671039,27,5166.819416
30.228379,25,5167.949401
25.459023,25,5169.218593
30.630197,15,5170.059207
17.720317,157,5178.189378
26.915136,9,5178.894385
28.914242,22,5180.233507
25.773574,1,5180.304175
26.609147,27,5182.441847
14.690035,151,5190.585232
29.644132,7,5190.909195
28.695371,24,5192.156733
29.739665,24,5193.274439
28.925779,41,5195.682591
30.541096,12,5196.240257
28.053602,41,5198.221227
-28.781796,250,5210.730913
30.12769,19,5211.584359
-17.203088,250,5224.751326
-34.93279,250,5238.300363
29.993549,21,5239.30987
21.582805,115,5245.302815
19.98634,36,5247.125126
26.124576,28,5248.577509
-146.991326,250,5261.192705
23.751427,34,5262.75811
17.906077,18,5263.693368
28.081607,6,5263.998832
22.668653,88,5268.527647
28.037684,8,5268.964724
29.05029,9,5269.372028
-219.992175,250,5282.027663
-18.179892,250,5294.699262
26.349615,39,5296.635196
29.333154,7,5297.013533
27.087894,3,5297.1834
-259.692012,250,5310.144518
19.171223,21,5311.451382
30.030424,14,5312.182719
26.132039,26,5313.362815
26.796092,15,5314.09108
29.588516,16,5314.927035
17.535574,26,5316.154208
27.282575,16,5316.956895
12.235786,60,5320.028018
-21.882325,250,5332.739418
29.110658,15,5333.416712
23.911067,10,5333.915218
27.476194,19,5334.860719
28.125715,28,5336.194661
5.833735,245,5348.644464
30.048908,19,5349.501898
-11.62341,250,5362.37184
23.521173,30,5363.955597
-12.795598,250,5376.569924
29.49631,15,5377.47427
-17.473956,250,5390.156155
26.570425,43,5392.438658
21.828121,28,5394.10021
29.706932,10,5394.995502
-9.931076,250,5408.540215
29.916919,11,5409.181598
30.502151,18,5410.049027
-2.044128,48,5414.975999
28.31998,4,5415.162102
7.464701,45,5417.582447
30.920956,16,5418.304815
-13.010363,250,5432.410563
26.578408,75,5436.246762
-17.503889,250,5448.846718
-200.516644,250,5462.088421
22.808737,45,5464.503427
3.412636,40,5466.647519
-17.916347,250,5479.133155
29.611172,16,5480.065028
28.965704,49,5483.45976
27.97678,30,5485.122483
22.033183,35,5487.368226
30.14219,19,5488.348286
28.022734,23,5489.669788
-15.327846,250,5502.605444
-3.0526,58,5505.969351
27.981398,54,5508.811547
25.631581,37,5510.981698
16.074883,27,5512.192966
-36.971418,250,5525.19544
29.686596,20,5526.63611
28.023133,32,5528.268244
-11.93004,250,5541.496838
27.786559,25,5542.662157
19.686284,32,5544.705096
29.99957,8,5545.125646
30.154416,15,5545.934524
-41.255759,250,5558.491133
29.139922,17,5559.363665
29.684157,12,5559.914617
-21.398623,250,5574.135439
31.015381,20,5575.211574
-20.644205,250,5588.523458
-71.242718,171,5597.847114
29.886014,33,5599.314939
-49.824943,250,5612.152906
18.051886,95,5616.662598
-24.945903,250,5629.717709
23.146598,25,5630.954224
28.653173,8,5631.452178
28.17347,35,5633.503509
27.204181,28,5635.259422
26.916015,32,5637.145899
28.069345,27,5638.959494
28.060888,6,5639.420439
-10.924856,250,5653.489203
26.836546,19,5654.595204
13.607403,32,5656.597524
29.051032,19,5657.719749
18.442298,58,5661.027296
13.625415,63,5664.493595
10.095927,54,5667.765726
27.585225,19,5668.861349
27.065501,36,5670.876475
9.711763,52,5673.89258
11.695382,34,5675.797331
26.950718,4,5676.042203
-6.096049,62,5679.809479
4.834985,45,5682.32798
26.185792,10,5682.956703
23.669619,24,5684.324207
13.633537,51,5688.863216
-22.34734,250,5704.15382
-9.174424,250,5718.134809
28.727697,11,5718.702064
26.809064,47,5721.349743
27.705727,42,5723.540948
28.775706,11,5724.147233
24.156994,8,5724.506509
30.017182,15,5725.363215
-40.594987,250,5738.406478
29.345024,18,5739.297611
29.860632,25,5740.581774
1.448207,39,5742.422568
27.034791,9,5743.098995
23.36629,43,5745.103741
21.279073,101,5750.297782
-120.628921,250,5765.746893
-149.485069,250,5778.153162
19.112295,34,5779.815278
30.090612,20,5781.25815
27.338159,46,5784.711821
11.354615,72,5788.88011
27.496234,20,5790.042096
28.11144,7,5790.41776
-19.864675,250,5804.032352
27.216599,3,5804.21445
22.448094,41,5806.291929
21.589116,33,5808.031922
27.391944,25,5809.202561
28.265868,16,5810.210405
24.755466,86,5814.777326
26.221854,19,5815.751735
31.856897,16,5816.542218
1.609198,45,5818.863863
31.879398,16,5819.659685
25.256403,98,5829.194426
25.045773,18,5830.14552
13.761357,60,5833.016165
-22.953705,250,5845.699558
-33.97731,155,5853.928327
28.412833,24,5855.558049
24.647504,114,5861.731627
-11.636629,250,5874.304154
-26.057145,250,5886.735129
29.540544,13,5887.308335
19.309288,108,5892.618167
21.66828,47,5895.111224
28.588216,17,5895.989106
30.481696,17,5896.919989
-14.634113,250,5909.35265
26.739319,22,5910.458499
24.763594,38,5912.646801
-25.669042,250,5924.719679
-35.04169,65,5928.05768
31.278904,15,5928.732663
29.699679,18,5929.677507
2.686027,72,5933.219959
28.803712,30,5934.694242
28.087332,26,5935.914429
24.416965,62,5939.215303
20.33617,108,5945.075357
-0.773605,44,5947.494803
-57.936066,250,5960.357662
31.233119,19,5961.55363
30.306302,11,5962.036351
28.803133,14,5962.762177
28.819935,18,5963.589817
28.571715,11,5964.155709
27.630612,-42.646012,250,5968.56171
-15.522885,250,5981.680181
30.494626,16,5982.491527
26.297394,33,5984.801905
27.615215,23,5986.170519
28.846597,20,5987.221429
22.272706,19,5988.217813
27.762428,40,5990.120852
27.433279,2-35.75692,250,525.060779,35-43.390401,250,6005.9905
-19.596737,250,6018.436872
-200.195541,250,6031.041107
27.626046,8,6031.528501
-11.965318,250,6044.071218
29.180553,11,6044.569193
25.706002,21,6045.631755
22.648559,46,6047.890584
28.410161,22,6048.857274
29.506898,28,6050.620648
10.520871,44,6052.76998
-24.089563,250,6065.263694
25.014572,36,6067.151802
13.546067,227,6078.899289
16.822512,247,6096.566721
29.956657,16,6097.536556
-16.535944,250,6111.048262
30.826314,18,6112.075881
26.612849,32,6113.83526
-25.3516,250,6127.311831
-18.149809,250,6139.768007
-206.379902,250,6152.250758
29.10787,21,6153.476655
22.320594,50,6156.369477
29.23043,30,6157.995108
28.907192,11,6158.774961
28.398416,9,6159.248868
-18.518588,250,6172.085958
-10.119216,250,6185.781247
27.856074,22,6186.980916
30.068325,15,6187.703241
29.658426,17,6188.465994
-14.635192,250,6201.179091
-30.166486,250,6214.021305
-21.158337,250,6226.32854
29.130539,35,6228.310913
22.907303,29,6229.696462
25.776181,42,6231.750877
13.192175,36,6234.058722
27.979159,27,6236.312369
31.865498,10,6236.829939
29.249333,9,6237.394522
-15.575641,250,6250.491901
11.400221,60,6253.640275
29.491967,34,6255.17186
29.897202,22,6256.288012
24.23726,103,6261.702157
5.78555,230,6273.24966
19.011183,43,6276.220471
29.951031,12,6277.040016
22.495365,21,6278.05065
-22.852491,250,6291.001999
-12.379519,250,6304.66303
-44.729974,250,6318.197433
26.790283,18,6319.066378
27.781836,41,6321.492104
28.802634,18,6322.315118
29.268692,20,6323.313324
30.339245,24,6324.501901
25.928917,36,6326.477356
-23.001614,250,6339.379135
26.186534,53,6341.999168
26.849919,15,6342.732983
27.423422,43,6345.158118
23.145214,21,6346.196654
26.742454,22,6347.455357
-61.337336,250,6360.516608
28.189097,37,6362.499884
27.333091,16,6363.242573
-55.40983,250,6376.350908
-19.58856,250,6390.981531
27.105002,25,6392.152262
20.869297,27,6393.451466
-9.370331,74,6397.56411
29.224827,16,6398.3944
19.358244,71,6401.858207
1.686451,81,6405.837127
25.222418,32,6407.853984
16.697706,36,6409.612044
30.835869,9,6410.021741
-14.024315,250,6425.801127
19.967872,35,6427.477745
-65.6149,250,6440.53064
-12.095245,250,6453.382184
-11.941369,250,6467.051572
28.158647,21,6468.197752
4.833459,48,6470.663029
30.348492,15,6471.340272
29.386592,16,6472.21918
25.758404,9,6472.635671
28.786053,13,6473.257764
-7.424328,250,6485.738796
-182.042516,250,6499.687775
28.457781,35,6501.635651
22.002031,20,6502.597977
-65.548721,109,6508.513358
28.991723,36,6510.122491
27.258343,29,6511.567513
16.412219,50,6514.110987
27.511734,38,6516.376511
27.600474,29,6518.499592
27.524383,7,6518.996181
29.782319,26,6520.279939
20.145992,35,6522.042907
27.924025,37,6524.093988
18.780891,73,6528.143707
26.185998,54,6531.438178
27.175446,24,6532.663248
24.969722,5,6532.9188
22.53052,35,6534.928875
25.970041,25,6536.063924
26.267083,36,6539.521097
22.690121,44,6541.747913
28.872799,43,6543.976944
-2.439701,70,6547.592144
27.019583,20,6548.533451
-1.128817,55,6551.5108
28.239481,65,6554.922106
28.188397,22,6556.039089
27.153928,56,6559.63003
29.283206,18,6560.701307
25.906735,20,6561.757501
30.413819,18,6562.823436
27.069329,23,6564.15976
27.780314,17,6565.151866
30.860527,11,6565.933534
-44.554252,90,6570.614657
17.85235,31,6571.974091
28.291617,22,6573.139866
12.987289,57,6575.86847
28.536436,19,6576.764742
27.38658,23,6578.028177
26.078889,19,6578.938493
-13.003361,250,6592.040139
-12.74427,250,6607.757828
20.768171,50,6610.441214
26.012984,24,6611.7016
29.156219,19,6612.658951
22.534175,26,6614.120655
26.70321,2,6614.248022
28.245506,20,6615.64463
26.649351,27,6617.166111
-26.007392,250,6630.409518
29.613527,13,6630.998348
17.903856,18,6631.834456
28.338422,28,6633.211486
28.438414,18,6634.058811
26.264978,11,6634.703171
30.961772,17,6635.493984
28.004445,25,6636.639174
29.-299.693419,250,6639.24972
27.738223,27,6640.77547
28.468147,49,6643.254159
27.788891,18,6644.02704
25.942323,14,6644.7295-95.350278,250,6654.50798
-43.345539,250,6668.311901
24.719836,2,6668.411959
-7.80272,46,6670.836943
29.338313,15,6671.549737
-113.652051,250,6686.860753
27.839197,21,6688.047011
22.196068,35,6689.749646
-11.304709,250,6702.540393
22.081271,41,6704.559556
26.81056,29,6705.963869
-13.479648,250,6719.238365
29.085133,6,6719.497053
-92.086298,250,6734.906727
24.206841,33,6736.710896
22.506483,49,6739.243735
27.81104,39,6741.28174
15.690681,25,6742.464022
-10.461877,250,6755.253294
27.038129,16,6756.13515
.236364,120,6747.465452
29.950242,19,6748.623867
25.712802,35,6750.197033
25.168609,1,6750.259891

21.660331,34,6625.573256
-22.328647,250,6638.121569
-40.49361,250,6651.054211
-15.207192,250,6664.720523
-14.125966,250,6678.384241
28.5424,15,6679.231293
31.182623,15,6680.062227
26.674312,25,6682.155862
29.373831,39,6684.776015
26.998633,3,6684.945301
-11.348493,250,6697.621018
-19.634557,250,6710.836615
-20.346037,250,6723.799208
22.512968,21,6724.746122
-0.90115,85,6731.600054
28.737717,16,6732.418141
25.851509,29,6734.091217
-173.959659,250,6747.119825
48168,8,6710.597309
-157.878119,250,6723.567542
21.434918,32,6725.16725
30.09539,12,6725.737385
27.149651,47,6730.684642
24.544136,53,6733.280219
-12.709086,58,6736.545963
14.345058,44,6738.850585
28.847271,11,6739.416987
28.521243,14,6740.150159
25.277673,1,6740.251897
11.236233,43,6742.278611
27.677664,18,6743.2789
-18.50749,51,6746.062132
27.222124,24,6747.250815
29.07451,11,6747.897074
29.087494,24,6749.18756
26.094452,28,6750.522762
28.47254,16,6751.297847
25.999898,7,6751.610219
0.041493,50,6754.203774
30.522556,12,6754.721715
28.153161,21,6755.796969
26.910929,4,6756.01081
29.991929,7,6756.3423
07,22,6742.242325
27.707554,8,6742.722855
20.919175,64,6746.179104
6.234457,31,6747.771622
29.84107,14,6748.654334
13.41253,75,6752.138045

30.412968,21,6731.530979
30.681623,14,6732.186976
30.491163,24,6733.508578
25.520221,16,6734.427107
10.057728,28,6736.011908
27.829763,7,6736.320842
27.4432,23,6737.585656
29.601489,20,6738.593122
29.239701,21,6739.671361
7.866504,44,6741.873751
25.641267,21,6742.986757
-15.804287,250,6755.81146
29.090969,23,6756.90597
27.670396,19,6758.246955
978498,4,6672.679242
29.467147,11,6673.267023
29.710486,24,6674.428802
27.804752,26,6676.236028
-224.765083,250,6691.095829
25.644275,29,6692.5446
28.526811,16,6693.257605
28.590622,25,6694.537179
6.201383,67,6697.939927
13.889651,30,6699.434217
30.350294,20,6700.653088
26.481341,26,6702.124752
29.693786,15,6702.835662
30.923952,21,6703.811851
-17.229177,72,6707.885363
25.886931,23,6708.954315
20.780025,29,6710.470114
27.48983,26,6712.165939
23.48679,54,6714.772823
-53.637176,250,6727.244123
27.480756,11,6730.548721
15.870471,34,6732.120196
25.539318,48,6734.815178
29.213064,14,6735.689839
27.129362,17,6736.51698
25.825357,48,6739.00011
-20.292207,119,6745.308831
16.426439,27,6746.591208
27.475172,70,6750.175728
21.551083,95,6754.925349
29.408523,28,6756.345201
61
31.10715,20,6740.923612
-156.86636,250,6753.773743
21.50138,55,6756.478887
28.930095,26,6757.734613
